id,title,mean,rank,popularity,num_list_users,num_scoring_users,status,start_date,end_date,num_episodes,genres,studios,ranking_type,ranking_date,start_year,score_bucket,genre,missing_mean,missing_rank,missing_start_date,missing_end_date,missing_studios
52991,Sousou no Frieren,9.3,1.0,152,1090110,638750,finished_airing,2023-09-29,2024-03-22,28,"adventure, drama, fantasy, shounen",madhouse,all,2025-04-16,2023.0,9+,adventure,False,False,False,False,False
52991,Sousou no Frieren,9.3,1.0,152,1090110,638750,finished_airing,2023-09-29,2024-03-22,28,"adventure, drama, fantasy, shounen",madhouse,all,2025-04-16,2023.0,9+,drama,False,False,False,False,False
52991,Sousou no Frieren,9.3,1.0,152,1090110,638750,finished_airing,2023-09-29,2024-03-22,28,"adventure, drama, fantasy, shounen",madhouse,all,2025-04-16,2023.0,9+,fantasy,False,False,False,False,False
52991,Sousou no Frieren,9.3,1.0,152,1090110,638750,finished_airing,2023-09-29,2024-03-22,28,"adventure, drama, fantasy, shounen",madhouse,all,2025-04-16,2023.0,9+,shounen,False,False,False,False,False
5114,Fullmetal Alchemist: Brotherhood,9.1,2.0,3,3508232,2209390,finished_airing,2009-04-05,2010-07-04,64,"action, adventure, drama, fantasy, military, shounen",bones,all,2025-04-16,2009.0,9+,action,False,False,False,False,False
5114,Fullmetal Alchemist: Brotherhood,9.1,2.0,3,3508232,2209390,finished_airing,2009-04-05,2010-07-04,64,"action, adventure, drama, fantasy, military, shounen",bones,all,2025-04-16,2009.0,9+,adventure,False,False,False,False,False
5114,Fullmetal Alchemist: Brotherhood,9.1,2.0,3,3508232,2209390,finished_airing,2009-04-05,2010-07-04,64,"action, adventure, drama, fantasy, military, shounen",bones,all,2025-04-16,2009.0,9+,drama,False,False,False,False,False
5114,Fullmetal Alchemist: Brotherhood,9.1,2.0,3,3508232,2209390,finished_airing,2009-04-05,2010-07-04,64,"action, adventure, drama, fantasy, military, shounen",bones,all,2025-04-16,2009.0,9+,fantasy,False,False,False,False,False
5114,Fullmetal Alchemist: Brotherhood,9.1,2.0,3,3508232,2209390,finished_airing,2009-04-05,2010-07-04,64,"action, adventure, drama, fantasy, military, shounen",bones,all,2025-04-16,2009.0,9+,military,False,False,False,False,False
5114,Fullmetal Alchemist: Brotherhood,9.1,2.0,3,3508232,2209390,finished_airing,2009-04-05,2010-07-04,64,"action, adventure, drama, fantasy, military, shounen",bones,all,2025-04-16,2009.0,9+,shounen,False,False,False,False,False
9253,Steins;Gate,9.07,3.0,14,2687350,1458482,finished_airing,2011-04-06,2011-09-14,24,"drama, psychological, sci-fi, suspense, time travel",white fox,all,2025-04-16,2011.0,9+,drama,False,False,False,False,False
9253,Steins;Gate,9.07,3.0,14,2687350,1458482,finished_airing,2011-04-06,2011-09-14,24,"drama, psychological, sci-fi, suspense, time travel",white fox,all,2025-04-16,2011.0,9+,psychological,False,False,False,False,False
9253,Steins;Gate,9.07,3.0,14,2687350,1458482,finished_airing,2011-04-06,2011-09-14,24,"drama, psychological, sci-fi, suspense, time travel",white fox,all,2025-04-16,2011.0,9+,sci-fi,False,False,False,False,False
9253,Steins;Gate,9.07,3.0,14,2687350,1458482,finished_airing,2011-04-06,2011-09-14,24,"drama, psychological, sci-fi, suspense, time travel",white fox,all,2025-04-16,2011.0,9+,suspense,False,False,False,False,False
9253,Steins;Gate,9.07,3.0,14,2687350,1458482,finished_airing,2011-04-06,2011-09-14,24,"drama, psychological, sci-fi, suspense, time travel",white fox,all,2025-04-16,2011.0,9+,time travel,False,False,False,False,False
38524,Shingeki no Kyojin Season 3 Part 2,9.05,4.0,21,2431852,1685447,finished_airing,2019-04-29,2019-07-01,10,"action, drama, gore, military, shounen, survival, suspense",wit studio,all,2025-04-16,2019.0,9+,action,False,False,False,False,False
38524,Shingeki no Kyojin Season 3 Part 2,9.05,4.0,21,2431852,1685447,finished_airing,2019-04-29,2019-07-01,10,"action, drama, gore, military, shounen, survival, suspense",wit studio,all,2025-04-16,2019.0,9+,drama,False,False,False,False,False
38524,Shingeki no Kyojin Season 3 Part 2,9.05,4.0,21,2431852,1685447,finished_airing,2019-04-29,2019-07-01,10,"action, drama, gore, military, shounen, survival, suspense",wit studio,all,2025-04-16,2019.0,9+,gore,False,False,False,False,False
38524,Shingeki no Kyojin Season 3 Part 2,9.05,4.0,21,2431852,1685447,finished_airing,2019-04-29,2019-07-01,10,"action, drama, gore, military, shounen, survival, suspense",wit studio,all,2025-04-16,2019.0,9+,military,False,False,False,False,False
38524,Shingeki no Kyojin Season 3 Part 2,9.05,4.0,21,2431852,1685447,finished_airing,2019-04-29,2019-07-01,10,"action, drama, gore, military, shounen, survival, suspense",wit studio,all,2025-04-16,2019.0,9+,shounen,False,False,False,False,False
38524,Shingeki no Kyojin Season 3 Part 2,9.05,4.0,21,2431852,1685447,finished_airing,2019-04-29,2019-07-01,10,"action, drama, gore, military, shounen, survival, suspense",wit studio,all,2025-04-16,2019.0,9+,survival,False,False,False,False,False
38524,Shingeki no Kyojin Season 3 Part 2,9.05,4.0,21,2431852,1685447,finished_airing,2019-04-29,2019-07-01,10,"action, drama, gore, military, shounen, survival, suspense",wit studio,all,2025-04-16,2019.0,9+,suspense,False,False,False,False,False
60022,One Piece Fan Letter,9.05,5.0,2174,104341,77005,finished_airing,2024-10-20,2024-10-20,1,"action, adventure, fantasy, shounen",toei animation,all,2025-04-16,2024.0,9+,action,False,False,False,False,False
60022,One Piece Fan Letter,9.05,5.0,2174,104341,77005,finished_airing,2024-10-20,2024-10-20,1,"action, adventure, fantasy, shounen",toei animation,all,2025-04-16,2024.0,9+,adventure,False,False,False,False,False
60022,One Piece Fan Letter,9.05,5.0,2174,104341,77005,finished_airing,2024-10-20,2024-10-20,1,"action, adventure, fantasy, shounen",toei animation,all,2025-04-16,2024.0,9+,fantasy,False,False,False,False,False
60022,One Piece Fan Letter,9.05,5.0,2174,104341,77005,finished_airing,2024-10-20,2024-10-20,1,"action, adventure, fantasy, shounen",toei animation,all,2025-04-16,2024.0,9+,shounen,False,False,False,False,False
28977,Gintama°,9.05,6.0,344,663557,262500,finished_airing,2015-04-08,2016-03-30,51,"action, comedy, gag humor, historical, parody, samurai, sci-fi, shounen",bandai namco pictures,all,2025-04-16,2015.0,9+,action,False,False,False,False,False
28977,Gintama°,9.05,6.0,344,663557,262500,finished_airing,2015-04-08,2016-03-30,51,"action, comedy, gag humor, historical, parody, samurai, sci-fi, shounen",bandai namco pictures,all,2025-04-16,2015.0,9+,comedy,False,False,False,False,False
28977,Gintama°,9.05,6.0,344,663557,262500,finished_airing,2015-04-08,2016-03-30,51,"action, comedy, gag humor, historical, parody, samurai, sci-fi, shounen",bandai namco pictures,all,2025-04-16,2015.0,9+,gag humor,False,False,False,False,False
28977,Gintama°,9.05,6.0,344,663557,262500,finished_airing,2015-04-08,2016-03-30,51,"action, comedy, gag humor, historical, parody, samurai, sci-fi, shounen",bandai namco pictures,all,2025-04-16,2015.0,9+,historical,False,False,False,False,False
28977,Gintama°,9.05,6.0,344,663557,262500,finished_airing,2015-04-08,2016-03-30,51,"action, comedy, gag humor, historical, parody, samurai, sci-fi, shounen",bandai namco pictures,all,2025-04-16,2015.0,9+,parody,False,False,False,False,False
28977,Gintama°,9.05,6.0,344,663557,262500,finished_airing,2015-04-08,2016-03-30,51,"action, comedy, gag humor, historical, parody, samurai, sci-fi, shounen",bandai namco pictures,all,2025-04-16,2015.0,9+,samurai,False,False,False,False,False
28977,Gintama°,9.05,6.0,344,663557,262500,finished_airing,2015-04-08,2016-03-30,51,"action, comedy, gag humor, historical, parody, samurai, sci-fi, shounen",bandai namco pictures,all,2025-04-16,2015.0,9+,sci-fi,False,False,False,False,False
28977,Gintama°,9.05,6.0,344,663557,262500,finished_airing,2015-04-08,2016-03-30,51,"action, comedy, gag humor, historical, parody, samurai, sci-fi, shounen",bandai namco pictures,all,2025-04-16,2015.0,9+,shounen,False,False,False,False,False
39486,Gintama: The Final,9.04,7.0,1528,167882,79546,finished_airing,2021-01-08,2021-01-08,1,"action, comedy, drama, gag humor, historical, parody, samurai, sci-fi, shounen",bandai namco pictures,all,2025-04-16,2021.0,9+,action,False,False,False,False,False
39486,Gintama: The Final,9.04,7.0,1528,167882,79546,finished_airing,2021-01-08,2021-01-08,1,"action, comedy, drama, gag humor, historical, parody, samurai, sci-fi, shounen",bandai namco pictures,all,2025-04-16,2021.0,9+,comedy,False,False,False,False,False
39486,Gintama: The Final,9.04,7.0,1528,167882,79546,finished_airing,2021-01-08,2021-01-08,1,"action, comedy, drama, gag humor, historical, parody, samurai, sci-fi, shounen",bandai namco pictures,all,2025-04-16,2021.0,9+,drama,False,False,False,False,False
39486,Gintama: The Final,9.04,7.0,1528,167882,79546,finished_airing,2021-01-08,2021-01-08,1,"action, comedy, drama, gag humor, historical, parody, samurai, sci-fi, shounen",bandai namco pictures,all,2025-04-16,2021.0,9+,gag humor,False,False,False,False,False
39486,Gintama: The Final,9.04,7.0,1528,167882,79546,finished_airing,2021-01-08,2021-01-08,1,"action, comedy, drama, gag humor, historical, parody, samurai, sci-fi, shounen",bandai namco pictures,all,2025-04-16,2021.0,9+,historical,False,False,False,False,False
39486,Gintama: The Final,9.04,7.0,1528,167882,79546,finished_airing,2021-01-08,2021-01-08,1,"action, comedy, drama, gag humor, historical, parody, samurai, sci-fi, shounen",bandai namco pictures,all,2025-04-16,2021.0,9+,parody,False,False,False,False,False
39486,Gintama: The Final,9.04,7.0,1528,167882,79546,finished_airing,2021-01-08,2021-01-08,1,"action, comedy, drama, gag humor, historical, parody, samurai, sci-fi, shounen",bandai namco pictures,all,2025-04-16,2021.0,9+,samurai,False,False,False,False,False
39486,Gintama: The Final,9.04,7.0,1528,167882,79546,finished_airing,2021-01-08,2021-01-08,1,"action, comedy, drama, gag humor, historical, parody, samurai, sci-fi, shounen",bandai namco pictures,all,2025-04-16,2021.0,9+,sci-fi,False,False,False,False,False
39486,Gintama: The Final,9.04,7.0,1528,167882,79546,finished_airing,2021-01-08,2021-01-08,1,"action, comedy, drama, gag humor, historical, parody, samurai, sci-fi, shounen",bandai namco pictures,all,2025-04-16,2021.0,9+,shounen,False,False,False,False,False
11061,Hunter x Hunter (2011),9.03,8.0,8,3007485,1867064,finished_airing,2011-10-02,2014-09-24,148,"action, adventure, fantasy, shounen",madhouse,all,2025-04-16,2011.0,9+,action,False,False,False,False,False
11061,Hunter x Hunter (2011),9.03,8.0,8,3007485,1867064,finished_airing,2011-10-02,2014-09-24,148,"action, adventure, fantasy, shounen",madhouse,all,2025-04-16,2011.0,9+,adventure,False,False,False,False,False
11061,Hunter x Hunter (2011),9.03,8.0,8,3007485,1867064,finished_airing,2011-10-02,2014-09-24,148,"action, adventure, fantasy, shounen",madhouse,all,2025-04-16,2011.0,9+,fantasy,False,False,False,False,False
11061,Hunter x Hunter (2011),9.03,8.0,8,3007485,1867064,finished_airing,2011-10-02,2014-09-24,148,"action, adventure, fantasy, shounen",madhouse,all,2025-04-16,2011.0,9+,shounen,False,False,False,False,False
9969,Gintama',9.02,9.0,400,586831,247745,finished_airing,2011-04-04,2012-03-26,51,"action, comedy, gag humor, historical, parody, samurai, sci-fi, shounen",sunrise,all,2025-04-16,2011.0,9+,action,False,False,False,False,False
9969,Gintama',9.02,9.0,400,586831,247745,finished_airing,2011-04-04,2012-03-26,51,"action, comedy, gag humor, historical, parody, samurai, sci-fi, shounen",sunrise,all,2025-04-16,2011.0,9+,comedy,False,False,False,False,False
9969,Gintama',9.02,9.0,400,586831,247745,finished_airing,2011-04-04,2012-03-26,51,"action, comedy, gag humor, historical, parody, samurai, sci-fi, shounen",sunrise,all,2025-04-16,2011.0,9+,gag humor,False,False,False,False,False
9969,Gintama',9.02,9.0,400,586831,247745,finished_airing,2011-04-04,2012-03-26,51,"action, comedy, gag humor, historical, parody, samurai, sci-fi, shounen",sunrise,all,2025-04-16,2011.0,9+,historical,False,False,False,False,False
9969,Gintama',9.02,9.0,400,586831,247745,finished_airing,2011-04-04,2012-03-26,51,"action, comedy, gag humor, historical, parody, samurai, sci-fi, shounen",sunrise,all,2025-04-16,2011.0,9+,parody,False,False,False,False,False
9969,Gintama',9.02,9.0,400,586831,247745,finished_airing,2011-04-04,2012-03-26,51,"action, comedy, gag humor, historical, parody, samurai, sci-fi, shounen",sunrise,all,2025-04-16,2011.0,9+,samurai,False,False,False,False,False
9969,Gintama',9.02,9.0,400,586831,247745,finished_airing,2011-04-04,2012-03-26,51,"action, comedy, gag humor, historical, parody, samurai, sci-fi, shounen",sunrise,all,2025-04-16,2011.0,9+,sci-fi,False,False,False,False,False
9969,Gintama',9.02,9.0,400,586831,247745,finished_airing,2011-04-04,2012-03-26,51,"action, comedy, gag humor, historical, parody, samurai, sci-fi, shounen",sunrise,all,2025-04-16,2011.0,9+,shounen,False,False,False,False,False
15417,Gintama': Enchousen,9.02,10.0,752,342880,172697,finished_airing,2012-10-04,2013-03-28,13,"action, comedy, gag humor, historical, parody, samurai, sci-fi, shounen",sunrise,all,2025-04-16,2012.0,9+,action,False,False,False,False,False
15417,Gintama': Enchousen,9.02,10.0,752,342880,172697,finished_airing,2012-10-04,2013-03-28,13,"action, comedy, gag humor, historical, parody, samurai, sci-fi, shounen",sunrise,all,2025-04-16,2012.0,9+,comedy,False,False,False,False,False
15417,Gintama': Enchousen,9.02,10.0,752,342880,172697,finished_airing,2012-10-04,2013-03-28,13,"action, comedy, gag humor, historical, parody, samurai, sci-fi, shounen",sunrise,all,2025-04-16,2012.0,9+,gag humor,False,False,False,False,False
15417,Gintama': Enchousen,9.02,10.0,752,342880,172697,finished_airing,2012-10-04,2013-03-28,13,"action, comedy, gag humor, historical, parody, samurai, sci-fi, shounen",sunrise,all,2025-04-16,2012.0,9+,historical,False,False,False,False,False
15417,Gintama': Enchousen,9.02,10.0,752,342880,172697,finished_airing,2012-10-04,2013-03-28,13,"action, comedy, gag humor, historical, parody, samurai, sci-fi, shounen",sunrise,all,2025-04-16,2012.0,9+,parody,False,False,False,False,False
15417,Gintama': Enchousen,9.02,10.0,752,342880,172697,finished_airing,2012-10-04,2013-03-28,13,"action, comedy, gag humor, historical, parody, samurai, sci-fi, shounen",sunrise,all,2025-04-16,2012.0,9+,samurai,False,False,False,False,False
15417,Gintama': Enchousen,9.02,10.0,752,342880,172697,finished_airing,2012-10-04,2013-03-28,13,"action, comedy, gag humor, historical, parody, samurai, sci-fi, shounen",sunrise,all,2025-04-16,2012.0,9+,sci-fi,False,False,False,False,False
15417,Gintama': Enchousen,9.02,10.0,752,342880,172697,finished_airing,2012-10-04,2013-03-28,13,"action, comedy, gag humor, historical, parody, samurai, sci-fi, shounen",sunrise,all,2025-04-16,2012.0,9+,shounen,False,False,False,False,False
820,Ginga Eiyuu Densetsu,9.01,11.0,754,342326,83536,finished_airing,1988-01-08,1997-03-17,110,"adult cast, drama, military, sci-fi, space","k-factory, kitty film mitaka studio",all,2025-04-16,1988.0,9+,adult cast,False,False,False,False,False
820,Ginga Eiyuu Densetsu,9.01,11.0,754,342326,83536,finished_airing,1988-01-08,1997-03-17,110,"adult cast, drama, military, sci-fi, space","k-factory, kitty film mitaka studio",all,2025-04-16,1988.0,9+,drama,False,False,False,False,False
820,Ginga Eiyuu Densetsu,9.01,11.0,754,342326,83536,finished_airing,1988-01-08,1997-03-17,110,"adult cast, drama, military, sci-fi, space","k-factory, kitty film mitaka studio",all,2025-04-16,1988.0,9+,military,False,False,False,False,False
820,Ginga Eiyuu Densetsu,9.01,11.0,754,342326,83536,finished_airing,1988-01-08,1997-03-17,110,"adult cast, drama, military, sci-fi, space","k-factory, kitty film mitaka studio",all,2025-04-16,1988.0,9+,sci-fi,False,False,False,False,False
820,Ginga Eiyuu Densetsu,9.01,11.0,754,342326,83536,finished_airing,1988-01-08,1997-03-17,110,"adult cast, drama, military, sci-fi, space","k-factory, kitty film mitaka studio",all,2025-04-16,1988.0,9+,space,False,False,False,False,False
41467,Bleach: Sennen Kessen-hen,9.0,12.0,369,629332,333682,finished_airing,2022-10-11,2022-12-27,13,"action, adventure, shounen, supernatural",pierrot,all,2025-04-16,2022.0,8-8.9,action,False,False,False,False,False
41467,Bleach: Sennen Kessen-hen,9.0,12.0,369,629332,333682,finished_airing,2022-10-11,2022-12-27,13,"action, adventure, shounen, supernatural",pierrot,all,2025-04-16,2022.0,8-8.9,adventure,False,False,False,False,False
41467,Bleach: Sennen Kessen-hen,9.0,12.0,369,629332,333682,finished_airing,2022-10-11,2022-12-27,13,"action, adventure, shounen, supernatural",pierrot,all,2025-04-16,2022.0,8-8.9,shounen,False,False,False,False,False
41467,Bleach: Sennen Kessen-hen,9.0,12.0,369,629332,333682,finished_airing,2022-10-11,2022-12-27,13,"action, adventure, shounen, supernatural",pierrot,all,2025-04-16,2022.0,8-8.9,supernatural,False,False,False,False,False
34096,Gintama.,8.98,13.0,782,332891,153289,finished_airing,2017-01-09,2017-03-27,12,"action, comedy, gag humor, historical, parody, samurai, sci-fi, shounen",bandai namco pictures,all,2025-04-16,2017.0,8-8.9,action,False,False,False,False,False
34096,Gintama.,8.98,13.0,782,332891,153289,finished_airing,2017-01-09,2017-03-27,12,"action, comedy, gag humor, historical, parody, samurai, sci-fi, shounen",bandai namco pictures,all,2025-04-16,2017.0,8-8.9,comedy,False,False,False,False,False
34096,Gintama.,8.98,13.0,782,332891,153289,finished_airing,2017-01-09,2017-03-27,12,"action, comedy, gag humor, historical, parody, samurai, sci-fi, shounen",bandai namco pictures,all,2025-04-16,2017.0,8-8.9,gag humor,False,False,False,False,False
34096,Gintama.,8.98,13.0,782,332891,153289,finished_airing,2017-01-09,2017-03-27,12,"action, comedy, gag humor, historical, parody, samurai, sci-fi, shounen",bandai namco pictures,all,2025-04-16,2017.0,8-8.9,historical,False,False,False,False,False
34096,Gintama.,8.98,13.0,782,332891,153289,finished_airing,2017-01-09,2017-03-27,12,"action, comedy, gag humor, historical, parody, samurai, sci-fi, shounen",bandai namco pictures,all,2025-04-16,2017.0,8-8.9,parody,False,False,False,False,False
34096,Gintama.,8.98,13.0,782,332891,153289,finished_airing,2017-01-09,2017-03-27,12,"action, comedy, gag humor, historical, parody, samurai, sci-fi, shounen",bandai namco pictures,all,2025-04-16,2017.0,8-8.9,samurai,False,False,False,False,False
34096,Gintama.,8.98,13.0,782,332891,153289,finished_airing,2017-01-09,2017-03-27,12,"action, comedy, gag humor, historical, parody, samurai, sci-fi, shounen",bandai namco pictures,all,2025-04-16,2017.0,8-8.9,sci-fi,False,False,False,False,False
34096,Gintama.,8.98,13.0,782,332891,153289,finished_airing,2017-01-09,2017-03-27,12,"action, comedy, gag humor, historical, parody, samurai, sci-fi, shounen",bandai namco pictures,all,2025-04-16,2017.0,8-8.9,shounen,False,False,False,False,False
43608,Kaguya-sama wa Kokurasetai: Ultra Romantic,8.98,14.0,167,1022705,579734,finished_airing,2022-04-09,2022-06-25,13,"comedy, romance, school, seinen",a-1 pictures,all,2025-04-16,2022.0,8-8.9,comedy,False,False,False,False,False
43608,Kaguya-sama wa Kokurasetai: Ultra Romantic,8.98,14.0,167,1022705,579734,finished_airing,2022-04-09,2022-06-25,13,"comedy, romance, school, seinen",a-1 pictures,all,2025-04-16,2022.0,8-8.9,romance,False,False,False,False,False
43608,Kaguya-sama wa Kokurasetai: Ultra Romantic,8.98,14.0,167,1022705,579734,finished_airing,2022-04-09,2022-06-25,13,"comedy, romance, school, seinen",a-1 pictures,all,2025-04-16,2022.0,8-8.9,school,False,False,False,False,False
43608,Kaguya-sama wa Kokurasetai: Ultra Romantic,8.98,14.0,167,1022705,579734,finished_airing,2022-04-09,2022-06-25,13,"comedy, romance, school, seinen",a-1 pictures,all,2025-04-16,2022.0,8-8.9,seinen,False,False,False,False,False
42938,Fruits Basket: The Final,8.95,15.0,458,523348,259441,finished_airing,2021-04-06,2021-06-29,13,"drama, romance, shoujo, supernatural",tms entertainment,all,2025-04-16,2021.0,8-8.9,drama,False,False,False,False,False
42938,Fruits Basket: The Final,8.95,15.0,458,523348,259441,finished_airing,2021-04-06,2021-06-29,13,"drama, romance, shoujo, supernatural",tms entertainment,all,2025-04-16,2021.0,8-8.9,romance,False,False,False,False,False
42938,Fruits Basket: The Final,8.95,15.0,458,523348,259441,finished_airing,2021-04-06,2021-06-29,13,"drama, romance, shoujo, supernatural",tms entertainment,all,2025-04-16,2021.0,8-8.9,shoujo,False,False,False,False,False
42938,Fruits Basket: The Final,8.95,15.0,458,523348,259441,finished_airing,2021-04-06,2021-06-29,13,"drama, romance, shoujo, supernatural",tms entertainment,all,2025-04-16,2021.0,8-8.9,supernatural,False,False,False,False,False
4181,Clannad: After Story,8.93,16.0,120,1239580,679482,finished_airing,2008-10-03,2009-03-27,24,"drama, romance",kyoto animation,all,2025-04-16,2008.0,8-8.9,drama,False,False,False,False,False
4181,Clannad: After Story,8.93,16.0,120,1239580,679482,finished_airing,2008-10-03,2009-03-27,24,"drama, romance",kyoto animation,all,2025-04-16,2008.0,8-8.9,romance,False,False,False,False,False
918,Gintama,8.93,17.0,145,1111896,410341,finished_airing,2006-04-04,2010-03-25,201,"action, comedy, gag humor, historical, parody, samurai, sci-fi, shounen",sunrise,all,2025-04-16,2006.0,8-8.9,action,False,False,False,False,False
918,Gintama,8.93,17.0,145,1111896,410341,finished_airing,2006-04-04,2010-03-25,201,"action, comedy, gag humor, historical, parody, samurai, sci-fi, shounen",sunrise,all,2025-04-16,2006.0,8-8.9,comedy,False,False,False,False,False
918,Gintama,8.93,17.0,145,1111896,410341,finished_airing,2006-04-04,2010-03-25,201,"action, comedy, gag humor, historical, parody, samurai, sci-fi, shounen",sunrise,all,2025-04-16,2006.0,8-8.9,gag humor,False,False,False,False,False
918,Gintama,8.93,17.0,145,1111896,410341,finished_airing,2006-04-04,2010-03-25,201,"action, comedy, gag humor, historical, parody, samurai, sci-fi, shounen",sunrise,all,2025-04-16,2006.0,8-8.9,historical,False,False,False,False,False
918,Gintama,8.93,17.0,145,1111896,410341,finished_airing,2006-04-04,2010-03-25,201,"action, comedy, gag humor, historical, parody, samurai, sci-fi, shounen",sunrise,all,2025-04-16,2006.0,8-8.9,parody,False,False,False,False,False
918,Gintama,8.93,17.0,145,1111896,410341,finished_airing,2006-04-04,2010-03-25,201,"action, comedy, gag humor, historical, parody, samurai, sci-fi, shounen",sunrise,all,2025-04-16,2006.0,8-8.9,samurai,False,False,False,False,False
918,Gintama,8.93,17.0,145,1111896,410341,finished_airing,2006-04-04,2010-03-25,201,"action, comedy, gag humor, historical, parody, samurai, sci-fi, shounen",sunrise,all,2025-04-16,2006.0,8-8.9,sci-fi,False,False,False,False,False
918,Gintama,8.93,17.0,145,1111896,410341,finished_airing,2006-04-04,2010-03-25,201,"action, comedy, gag humor, historical, parody, samurai, sci-fi, shounen",sunrise,all,2025-04-16,2006.0,8-8.9,shounen,False,False,False,False,False
28851,Koe no Katachi,8.93,18.0,20,2467291,1700879,finished_airing,2016-09-17,2016-09-17,1,"award winning, drama, shounen",kyoto animation,all,2025-04-16,2016.0,8-8.9,award winning,False,False,False,False,False
28851,Koe no Katachi,8.93,18.0,20,2467291,1700879,finished_airing,2016-09-17,2016-09-17,1,"award winning, drama, shounen",kyoto animation,all,2025-04-16,2016.0,8-8.9,drama,False,False,False,False,False
28851,Koe no Katachi,8.93,18.0,20,2467291,1700879,finished_airing,2016-09-17,2016-09-17,1,"award winning, drama, shounen",kyoto animation,all,2025-04-16,2016.0,8-8.9,shounen,False,False,False,False,False
35180,3-gatsu no Lion 2nd Season,8.91,19.0,589,421963,207768,finished_airing,2017-10-14,2018-03-31,22,"childcare, drama, seinen, strategy game",shaft,all,2025-04-16,2017.0,8-8.9,childcare,False,False,False,False,False
35180,3-gatsu no Lion 2nd Season,8.91,19.0,589,421963,207768,finished_airing,2017-10-14,2018-03-31,22,"childcare, drama, seinen, strategy game",shaft,all,2025-04-16,2017.0,8-8.9,drama,False,False,False,False,False
35180,3-gatsu no Lion 2nd Season,8.91,19.0,589,421963,207768,finished_airing,2017-10-14,2018-03-31,22,"childcare, drama, seinen, strategy game",shaft,all,2025-04-16,2017.0,8-8.9,seinen,False,False,False,False,False
35180,3-gatsu no Lion 2nd Season,8.91,19.0,589,421963,207768,finished_airing,2017-10-14,2018-03-31,22,"childcare, drama, seinen, strategy game",shaft,all,2025-04-16,2017.0,8-8.9,strategy game,False,False,False,False,False
2904,Code Geass: Hangyaku no Lelouch R2,8.91,20.0,47,1865088,1243309,finished_airing,2008-04-06,2008-09-28,25,"action, award winning, drama, mecha, military, sci-fi, super power",sunrise,all,2025-04-16,2008.0,8-8.9,action,False,False,False,False,False
2904,Code Geass: Hangyaku no Lelouch R2,8.91,20.0,47,1865088,1243309,finished_airing,2008-04-06,2008-09-28,25,"action, award winning, drama, mecha, military, sci-fi, super power",sunrise,all,2025-04-16,2008.0,8-8.9,award winning,False,False,False,False,False
2904,Code Geass: Hangyaku no Lelouch R2,8.91,20.0,47,1865088,1243309,finished_airing,2008-04-06,2008-09-28,25,"action, award winning, drama, mecha, military, sci-fi, super power",sunrise,all,2025-04-16,2008.0,8-8.9,drama,False,False,False,False,False
2904,Code Geass: Hangyaku no Lelouch R2,8.91,20.0,47,1865088,1243309,finished_airing,2008-04-06,2008-09-28,25,"action, award winning, drama, mecha, military, sci-fi, super power",sunrise,all,2025-04-16,2008.0,8-8.9,mecha,False,False,False,False,False
2904,Code Geass: Hangyaku no Lelouch R2,8.91,20.0,47,1865088,1243309,finished_airing,2008-04-06,2008-09-28,25,"action, award winning, drama, mecha, military, sci-fi, super power",sunrise,all,2025-04-16,2008.0,8-8.9,military,False,False,False,False,False
2904,Code Geass: Hangyaku no Lelouch R2,8.91,20.0,47,1865088,1243309,finished_airing,2008-04-06,2008-09-28,25,"action, award winning, drama, mecha, military, sci-fi, super power",sunrise,all,2025-04-16,2008.0,8-8.9,sci-fi,False,False,False,False,False
2904,Code Geass: Hangyaku no Lelouch R2,8.91,20.0,47,1865088,1243309,finished_airing,2008-04-06,2008-09-28,25,"action, award winning, drama, mecha, military, sci-fi, super power",sunrise,all,2025-04-16,2008.0,8-8.9,super power,False,False,False,False,False
15335,Gintama Movie 2: Kanketsu-hen - Yorozuya yo Eien Nare,8.9,21.0,1035,252523,140345,finished_airing,2013-07-06,2013-07-06,1,"action, comedy, gag humor, historical, parody, samurai, sci-fi, shounen, time travel",sunrise,all,2025-04-16,2013.0,8-8.9,action,False,False,False,False,False
15335,Gintama Movie 2: Kanketsu-hen - Yorozuya yo Eien Nare,8.9,21.0,1035,252523,140345,finished_airing,2013-07-06,2013-07-06,1,"action, comedy, gag humor, historical, parody, samurai, sci-fi, shounen, time travel",sunrise,all,2025-04-16,2013.0,8-8.9,comedy,False,False,False,False,False
15335,Gintama Movie 2: Kanketsu-hen - Yorozuya yo Eien Nare,8.9,21.0,1035,252523,140345,finished_airing,2013-07-06,2013-07-06,1,"action, comedy, gag humor, historical, parody, samurai, sci-fi, shounen, time travel",sunrise,all,2025-04-16,2013.0,8-8.9,gag humor,False,False,False,False,False
15335,Gintama Movie 2: Kanketsu-hen - Yorozuya yo Eien Nare,8.9,21.0,1035,252523,140345,finished_airing,2013-07-06,2013-07-06,1,"action, comedy, gag humor, historical, parody, samurai, sci-fi, shounen, time travel",sunrise,all,2025-04-16,2013.0,8-8.9,historical,False,False,False,False,False
15335,Gintama Movie 2: Kanketsu-hen - Yorozuya yo Eien Nare,8.9,21.0,1035,252523,140345,finished_airing,2013-07-06,2013-07-06,1,"action, comedy, gag humor, historical, parody, samurai, sci-fi, shounen, time travel",sunrise,all,2025-04-16,2013.0,8-8.9,parody,False,False,False,False,False
15335,Gintama Movie 2: Kanketsu-hen - Yorozuya yo Eien Nare,8.9,21.0,1035,252523,140345,finished_airing,2013-07-06,2013-07-06,1,"action, comedy, gag humor, historical, parody, samurai, sci-fi, shounen, time travel",sunrise,all,2025-04-16,2013.0,8-8.9,samurai,False,False,False,False,False
15335,Gintama Movie 2: Kanketsu-hen - Yorozuya yo Eien Nare,8.9,21.0,1035,252523,140345,finished_airing,2013-07-06,2013-07-06,1,"action, comedy, gag humor, historical, parody, samurai, sci-fi, shounen, time travel",sunrise,all,2025-04-16,2013.0,8-8.9,sci-fi,False,False,False,False,False
15335,Gintama Movie 2: Kanketsu-hen - Yorozuya yo Eien Nare,8.9,21.0,1035,252523,140345,finished_airing,2013-07-06,2013-07-06,1,"action, comedy, gag humor, historical, parody, samurai, sci-fi, shounen, time travel",sunrise,all,2025-04-16,2013.0,8-8.9,shounen,False,False,False,False,False
15335,Gintama Movie 2: Kanketsu-hen - Yorozuya yo Eien Nare,8.9,21.0,1035,252523,140345,finished_airing,2013-07-06,2013-07-06,1,"action, comedy, gag humor, historical, parody, samurai, sci-fi, shounen, time travel",sunrise,all,2025-04-16,2013.0,8-8.9,time travel,False,False,False,False,False
37491,Gintama. Shirogane no Tamashii-hen - Kouhan-sen,8.88,22.0,1223,213681,101708,finished_airing,2018-07-09,2018-10-08,14,"action, comedy, gag humor, historical, parody, samurai, sci-fi, shounen",bandai namco pictures,all,2025-04-16,2018.0,8-8.9,action,False,False,False,False,False
37491,Gintama. Shirogane no Tamashii-hen - Kouhan-sen,8.88,22.0,1223,213681,101708,finished_airing,2018-07-09,2018-10-08,14,"action, comedy, gag humor, historical, parody, samurai, sci-fi, shounen",bandai namco pictures,all,2025-04-16,2018.0,8-8.9,comedy,False,False,False,False,False
37491,Gintama. Shirogane no Tamashii-hen - Kouhan-sen,8.88,22.0,1223,213681,101708,finished_airing,2018-07-09,2018-10-08,14,"action, comedy, gag humor, historical, parody, samurai, sci-fi, shounen",bandai namco pictures,all,2025-04-16,2018.0,8-8.9,gag humor,False,False,False,False,False
37491,Gintama. Shirogane no Tamashii-hen - Kouhan-sen,8.88,22.0,1223,213681,101708,finished_airing,2018-07-09,2018-10-08,14,"action, comedy, gag humor, historical, parody, samurai, sci-fi, shounen",bandai namco pictures,all,2025-04-16,2018.0,8-8.9,historical,False,False,False,False,False
37491,Gintama. Shirogane no Tamashii-hen - Kouhan-sen,8.88,22.0,1223,213681,101708,finished_airing,2018-07-09,2018-10-08,14,"action, comedy, gag humor, historical, parody, samurai, sci-fi, shounen",bandai namco pictures,all,2025-04-16,2018.0,8-8.9,parody,False,False,False,False,False
37491,Gintama. Shirogane no Tamashii-hen - Kouhan-sen,8.88,22.0,1223,213681,101708,finished_airing,2018-07-09,2018-10-08,14,"action, comedy, gag humor, historical, parody, samurai, sci-fi, shounen",bandai namco pictures,all,2025-04-16,2018.0,8-8.9,samurai,False,False,False,False,False
37491,Gintama. Shirogane no Tamashii-hen - Kouhan-sen,8.88,22.0,1223,213681,101708,finished_airing,2018-07-09,2018-10-08,14,"action, comedy, gag humor, historical, parody, samurai, sci-fi, shounen",bandai namco pictures,all,2025-04-16,2018.0,8-8.9,sci-fi,False,False,False,False,False
37491,Gintama. Shirogane no Tamashii-hen - Kouhan-sen,8.88,22.0,1223,213681,101708,finished_airing,2018-07-09,2018-10-08,14,"action, comedy, gag humor, historical, parody, samurai, sci-fi, shounen",bandai namco pictures,all,2025-04-16,2018.0,8-8.9,shounen,False,False,False,False,False
19,Monster,8.88,23.0,123,1223522,464236,finished_airing,2004-04-07,2005-09-28,74,"adult cast, drama, mystery, psychological, seinen, suspense",madhouse,all,2025-04-16,2004.0,8-8.9,adult cast,False,False,False,False,False
19,Monster,8.88,23.0,123,1223522,464236,finished_airing,2004-04-07,2005-09-28,74,"adult cast, drama, mystery, psychological, seinen, suspense",madhouse,all,2025-04-16,2004.0,8-8.9,drama,False,False,False,False,False
19,Monster,8.88,23.0,123,1223522,464236,finished_airing,2004-04-07,2005-09-28,74,"adult cast, drama, mystery, psychological, seinen, suspense",madhouse,all,2025-04-16,2004.0,8-8.9,mystery,False,False,False,False,False
19,Monster,8.88,23.0,123,1223522,464236,finished_airing,2004-04-07,2005-09-28,74,"adult cast, drama, mystery, psychological, seinen, suspense",madhouse,all,2025-04-16,2004.0,8-8.9,psychological,False,False,False,False,False
19,Monster,8.88,23.0,123,1223522,464236,finished_airing,2004-04-07,2005-09-28,74,"adult cast, drama, mystery, psychological, seinen, suspense",madhouse,all,2025-04-16,2004.0,8-8.9,seinen,False,False,False,False,False
19,Monster,8.88,23.0,123,1223522,464236,finished_airing,2004-04-07,2005-09-28,74,"adult cast, drama, mystery, psychological, seinen, suspense",madhouse,all,2025-04-16,2004.0,8-8.9,suspense,False,False,False,False,False
54492,Kusuriya no Hitorigoto,8.87,24.0,386,607276,321234,finished_airing,2023-10-22,2024-03-24,24,"drama, historical, medical, mystery","olm, toho animation studio",all,2025-04-16,2023.0,8-8.9,drama,False,False,False,False,False
54492,Kusuriya no Hitorigoto,8.87,24.0,386,607276,321234,finished_airing,2023-10-22,2024-03-24,24,"drama, historical, medical, mystery","olm, toho animation studio",all,2025-04-16,2023.0,8-8.9,historical,False,False,False,False,False
54492,Kusuriya no Hitorigoto,8.87,24.0,386,607276,321234,finished_airing,2023-10-22,2024-03-24,24,"drama, historical, medical, mystery","olm, toho animation studio",all,2025-04-16,2023.0,8-8.9,medical,False,False,False,False,False
54492,Kusuriya no Hitorigoto,8.87,24.0,386,607276,321234,finished_airing,2023-10-22,2024-03-24,24,"drama, historical, medical, mystery","olm, toho animation studio",all,2025-04-16,2023.0,8-8.9,mystery,False,False,False,False,False
51535,Shingeki no Kyojin: The Final Season - Kanketsu-hen,8.87,25.0,284,759969,454402,finished_airing,2023-03-04,2023-11-05,2,"action, drama, gore, military, shounen, survival, suspense",mappa,all,2025-04-16,2023.0,8-8.9,action,False,False,False,False,False
51535,Shingeki no Kyojin: The Final Season - Kanketsu-hen,8.87,25.0,284,759969,454402,finished_airing,2023-03-04,2023-11-05,2,"action, drama, gore, military, shounen, survival, suspense",mappa,all,2025-04-16,2023.0,8-8.9,drama,False,False,False,False,False
51535,Shingeki no Kyojin: The Final Season - Kanketsu-hen,8.87,25.0,284,759969,454402,finished_airing,2023-03-04,2023-11-05,2,"action, drama, gore, military, shounen, survival, suspense",mappa,all,2025-04-16,2023.0,8-8.9,gore,False,False,False,False,False
51535,Shingeki no Kyojin: The Final Season - Kanketsu-hen,8.87,25.0,284,759969,454402,finished_airing,2023-03-04,2023-11-05,2,"action, drama, gore, military, shounen, survival, suspense",mappa,all,2025-04-16,2023.0,8-8.9,military,False,False,False,False,False
51535,Shingeki no Kyojin: The Final Season - Kanketsu-hen,8.87,25.0,284,759969,454402,finished_airing,2023-03-04,2023-11-05,2,"action, drama, gore, military, shounen, survival, suspense",mappa,all,2025-04-16,2023.0,8-8.9,shounen,False,False,False,False,False
51535,Shingeki no Kyojin: The Final Season - Kanketsu-hen,8.87,25.0,284,759969,454402,finished_airing,2023-03-04,2023-11-05,2,"action, drama, gore, military, shounen, survival, suspense",mappa,all,2025-04-16,2023.0,8-8.9,survival,False,False,False,False,False
51535,Shingeki no Kyojin: The Final Season - Kanketsu-hen,8.87,25.0,284,759969,454402,finished_airing,2023-03-04,2023-11-05,2,"action, drama, gore, military, shounen, survival, suspense",mappa,all,2025-04-16,2023.0,8-8.9,suspense,False,False,False,False,False
35247,Owarimonogatari 2nd Season,8.86,26.0,591,420069,202294,finished_airing,2017-08-12,2017-08-13,7,"comedy, mystery, supernatural, vampire",shaft,all,2025-04-16,2017.0,8-8.9,comedy,False,False,False,False,False
35247,Owarimonogatari 2nd Season,8.86,26.0,591,420069,202294,finished_airing,2017-08-12,2017-08-13,7,"comedy, mystery, supernatural, vampire",shaft,all,2025-04-16,2017.0,8-8.9,mystery,False,False,False,False,False
35247,Owarimonogatari 2nd Season,8.86,26.0,591,420069,202294,finished_airing,2017-08-12,2017-08-13,7,"comedy, mystery, supernatural, vampire",shaft,all,2025-04-16,2017.0,8-8.9,supernatural,False,False,False,False,False
35247,Owarimonogatari 2nd Season,8.86,26.0,591,420069,202294,finished_airing,2017-08-12,2017-08-13,7,"comedy, mystery, supernatural, vampire",shaft,all,2025-04-16,2017.0,8-8.9,vampire,False,False,False,False,False
37987,Violet Evergarden Movie,8.85,27.0,338,670355,307891,finished_airing,2020-09-18,2020-09-18,1,"award winning, drama",kyoto animation,all,2025-04-16,2020.0,8-8.9,award winning,False,False,False,False,False
37987,Violet Evergarden Movie,8.85,27.0,338,670355,307891,finished_airing,2020-09-18,2020-09-18,1,"award winning, drama",kyoto animation,all,2025-04-16,2020.0,8-8.9,drama,False,False,False,False,False
59571,Shingeki no Kyojin Movie: Kanketsu-hen - The Last Attack,8.83,28.0,3757,41253,10578,finished_airing,2024-11-08,2024-11-08,1,"action, drama, gore, military, shounen, survival, suspense",mappa,all,2025-04-16,2024.0,8-8.9,action,False,False,False,False,False
59571,Shingeki no Kyojin Movie: Kanketsu-hen - The Last Attack,8.83,28.0,3757,41253,10578,finished_airing,2024-11-08,2024-11-08,1,"action, drama, gore, military, shounen, survival, suspense",mappa,all,2025-04-16,2024.0,8-8.9,drama,False,False,False,False,False
59571,Shingeki no Kyojin Movie: Kanketsu-hen - The Last Attack,8.83,28.0,3757,41253,10578,finished_airing,2024-11-08,2024-11-08,1,"action, drama, gore, military, shounen, survival, suspense",mappa,all,2025-04-16,2024.0,8-8.9,gore,False,False,False,False,False
59571,Shingeki no Kyojin Movie: Kanketsu-hen - The Last Attack,8.83,28.0,3757,41253,10578,finished_airing,2024-11-08,2024-11-08,1,"action, drama, gore, military, shounen, survival, suspense",mappa,all,2025-04-16,2024.0,8-8.9,military,False,False,False,False,False
59571,Shingeki no Kyojin Movie: Kanketsu-hen - The Last Attack,8.83,28.0,3757,41253,10578,finished_airing,2024-11-08,2024-11-08,1,"action, drama, gore, military, shounen, survival, suspense",mappa,all,2025-04-16,2024.0,8-8.9,shounen,False,False,False,False,False
59571,Shingeki no Kyojin Movie: Kanketsu-hen - The Last Attack,8.83,28.0,3757,41253,10578,finished_airing,2024-11-08,2024-11-08,1,"action, drama, gore, military, shounen, survival, suspense",mappa,all,2025-04-16,2024.0,8-8.9,survival,False,False,False,False,False
59571,Shingeki no Kyojin Movie: Kanketsu-hen - The Last Attack,8.83,28.0,3757,41253,10578,finished_airing,2024-11-08,2024-11-08,1,"action, drama, gore, military, shounen, survival, suspense",mappa,all,2025-04-16,2024.0,8-8.9,suspense,False,False,False,False,False
32281,Kimi no Na wa.,8.83,29.0,11,2884903,1990552,finished_airing,2016-08-26,2016-08-26,1,"award winning, drama",comix wave films,all,2025-04-16,2016.0,8-8.9,award winning,False,False,False,False,False
32281,Kimi no Na wa.,8.83,29.0,11,2884903,1990552,finished_airing,2016-08-26,2016-08-26,1,"award winning, drama",comix wave films,all,2025-04-16,2016.0,8-8.9,drama,False,False,False,False,False
40682,Kingdom 3rd Season,8.83,30.0,1998,118495,47122,finished_airing,2020-04-06,2021-10-17,26,"action, historical, military, seinen","pierrot, studio signpost",all,2025-04-16,2020.0,8-8.9,action,False,False,False,False,False
40682,Kingdom 3rd Season,8.83,30.0,1998,118495,47122,finished_airing,2020-04-06,2021-10-17,26,"action, historical, military, seinen","pierrot, studio signpost",all,2025-04-16,2020.0,8-8.9,historical,False,False,False,False,False
40682,Kingdom 3rd Season,8.83,30.0,1998,118495,47122,finished_airing,2020-04-06,2021-10-17,26,"action, historical, military, seinen","pierrot, studio signpost",all,2025-04-16,2020.0,8-8.9,military,False,False,False,False,False
40682,Kingdom 3rd Season,8.83,30.0,1998,118495,47122,finished_airing,2020-04-06,2021-10-17,26,"action, historical, military, seinen","pierrot, studio signpost",all,2025-04-16,2020.0,8-8.9,seinen,False,False,False,False,False
58514,Kusuriya no Hitorigoto 2nd Season,8.82,31.0,976,268427,48893,currently_airing,2025-01-10,0,24,"drama, historical, medical, mystery",0,all,2025-04-16,2025.0,8-8.9,drama,False,False,False,False,False
58514,Kusuriya no Hitorigoto 2nd Season,8.82,31.0,976,268427,48893,currently_airing,2025-01-10,0,24,"drama, historical, medical, mystery",0,all,2025-04-16,2025.0,8-8.9,historical,False,False,False,False,False
58514,Kusuriya no Hitorigoto 2nd Season,8.82,31.0,976,268427,48893,currently_airing,2025-01-10,0,24,"drama, historical, medical, mystery",0,all,2025-04-16,2025.0,8-8.9,medical,False,False,False,False,False
58514,Kusuriya no Hitorigoto 2nd Season,8.82,31.0,976,268427,48893,currently_airing,2025-01-10,0,24,"drama, historical, medical, mystery",0,all,2025-04-16,2025.0,8-8.9,mystery,False,False,False,False,False
49387,Vinland Saga Season 2,8.81,32.0,292,735459,401267,finished_airing,2023-01-10,2023-06-20,24,"action, adventure, drama, gore, historical, seinen",mappa,all,2025-04-16,2023.0,8-8.9,action,False,False,False,False,False
49387,Vinland Saga Season 2,8.81,32.0,292,735459,401267,finished_airing,2023-01-10,2023-06-20,24,"action, adventure, drama, gore, historical, seinen",mappa,all,2025-04-16,2023.0,8-8.9,adventure,False,False,False,False,False
49387,Vinland Saga Season 2,8.81,32.0,292,735459,401267,finished_airing,2023-01-10,2023-06-20,24,"action, adventure, drama, gore, historical, seinen",mappa,all,2025-04-16,2023.0,8-8.9,drama,False,False,False,False,False
49387,Vinland Saga Season 2,8.81,32.0,292,735459,401267,finished_airing,2023-01-10,2023-06-20,24,"action, adventure, drama, gore, historical, seinen",mappa,all,2025-04-16,2023.0,8-8.9,gore,False,False,False,False,False
49387,Vinland Saga Season 2,8.81,32.0,292,735459,401267,finished_airing,2023-01-10,2023-06-20,24,"action, adventure, drama, gore, historical, seinen",mappa,all,2025-04-16,2023.0,8-8.9,historical,False,False,False,False,False
49387,Vinland Saga Season 2,8.81,32.0,292,735459,401267,finished_airing,2023-01-10,2023-06-20,24,"action, adventure, drama, gore, historical, seinen",mappa,all,2025-04-16,2023.0,8-8.9,seinen,False,False,False,False,False
36838,Gintama. Shirogane no Tamashii-hen,8.81,33.0,1164,226598,110485,finished_airing,2018-01-08,2018-03-26,12,"action, comedy, gag humor, historical, parody, samurai, sci-fi, shounen",bandai namco pictures,all,2025-04-16,2018.0,8-8.9,action,False,False,False,False,False
36838,Gintama. Shirogane no Tamashii-hen,8.81,33.0,1164,226598,110485,finished_airing,2018-01-08,2018-03-26,12,"action, comedy, gag humor, historical, parody, samurai, sci-fi, shounen",bandai namco pictures,all,2025-04-16,2018.0,8-8.9,comedy,False,False,False,False,False
36838,Gintama. Shirogane no Tamashii-hen,8.81,33.0,1164,226598,110485,finished_airing,2018-01-08,2018-03-26,12,"action, comedy, gag humor, historical, parody, samurai, sci-fi, shounen",bandai namco pictures,all,2025-04-16,2018.0,8-8.9,gag humor,False,False,False,False,False
36838,Gintama. Shirogane no Tamashii-hen,8.81,33.0,1164,226598,110485,finished_airing,2018-01-08,2018-03-26,12,"action, comedy, gag humor, historical, parody, samurai, sci-fi, shounen",bandai namco pictures,all,2025-04-16,2018.0,8-8.9,historical,False,False,False,False,False
36838,Gintama. Shirogane no Tamashii-hen,8.81,33.0,1164,226598,110485,finished_airing,2018-01-08,2018-03-26,12,"action, comedy, gag humor, historical, parody, samurai, sci-fi, shounen",bandai namco pictures,all,2025-04-16,2018.0,8-8.9,parody,False,False,False,False,False
36838,Gintama. Shirogane no Tamashii-hen,8.81,33.0,1164,226598,110485,finished_airing,2018-01-08,2018-03-26,12,"action, comedy, gag humor, historical, parody, samurai, sci-fi, shounen",bandai namco pictures,all,2025-04-16,2018.0,8-8.9,samurai,False,False,False,False,False
36838,Gintama. Shirogane no Tamashii-hen,8.81,33.0,1164,226598,110485,finished_airing,2018-01-08,2018-03-26,12,"action, comedy, gag humor, historical, parody, samurai, sci-fi, shounen",bandai namco pictures,all,2025-04-16,2018.0,8-8.9,sci-fi,False,False,False,False,False
36838,Gintama. Shirogane no Tamashii-hen,8.81,33.0,1164,226598,110485,finished_airing,2018-01-08,2018-03-26,12,"action, comedy, gag humor, historical, parody, samurai, sci-fi, shounen",bandai namco pictures,all,2025-04-16,2018.0,8-8.9,shounen,False,False,False,False,False
263,Hajime no Ippo,8.78,34.0,359,645340,318233,finished_airing,2000-10-04,2002-03-27,75,"combat sports, shounen, sports",madhouse,all,2025-04-16,2000.0,8-8.9,combat sports,False,False,False,False,False
263,Hajime no Ippo,8.78,34.0,359,645340,318233,finished_airing,2000-10-04,2002-03-27,75,"combat sports, shounen, sports",madhouse,all,2025-04-16,2000.0,8-8.9,shounen,False,False,False,False,False
263,Hajime no Ippo,8.78,34.0,359,645340,318233,finished_airing,2000-10-04,2002-03-27,75,"combat sports, shounen, sports",madhouse,all,2025-04-16,2000.0,8-8.9,sports,False,False,False,False,False
31758,Kizumonogatari III: Reiketsu-hen,8.78,35.0,494,489517,284756,finished_airing,2017-01-06,2017-01-06,1,"action, mystery, supernatural, vampire",shaft,all,2025-04-16,2017.0,8-8.9,action,False,False,False,False,False
31758,Kizumonogatari III: Reiketsu-hen,8.78,35.0,494,489517,284756,finished_airing,2017-01-06,2017-01-06,1,"action, mystery, supernatural, vampire",shaft,all,2025-04-16,2017.0,8-8.9,mystery,False,False,False,False,False
31758,Kizumonogatari III: Reiketsu-hen,8.78,35.0,494,489517,284756,finished_airing,2017-01-06,2017-01-06,1,"action, mystery, supernatural, vampire",shaft,all,2025-04-16,2017.0,8-8.9,supernatural,False,False,False,False,False
31758,Kizumonogatari III: Reiketsu-hen,8.78,35.0,494,489517,284756,finished_airing,2017-01-06,2017-01-06,1,"action, mystery, supernatural, vampire",shaft,all,2025-04-16,2017.0,8-8.9,vampire,False,False,False,False,False
37510,Mob Psycho 100 II,8.78,36.0,73,1632000,1028752,finished_airing,2019-01-07,2019-04-01,13,"action, comedy, supernatural",bones,all,2025-04-16,2019.0,8-8.9,action,False,False,False,False,False
37510,Mob Psycho 100 II,8.78,36.0,73,1632000,1028752,finished_airing,2019-01-07,2019-04-01,13,"action, comedy, supernatural",bones,all,2025-04-16,2019.0,8-8.9,comedy,False,False,False,False,False
37510,Mob Psycho 100 II,8.78,36.0,73,1632000,1028752,finished_airing,2019-01-07,2019-04-01,13,"action, comedy, supernatural",bones,all,2025-04-16,2019.0,8-8.9,supernatural,False,False,False,False,False
58567,Ore dake Level Up na Ken Season 2: Arise from the Shadow,8.78,37.0,441,538000,292404,finished_airing,2025-01-05,2025-03-30,13,"action, adult cast, adventure, fantasy, urban fantasy",a-1 pictures,all,2025-04-16,2025.0,8-8.9,action,False,False,False,False,False
58567,Ore dake Level Up na Ken Season 2: Arise from the Shadow,8.78,37.0,441,538000,292404,finished_airing,2025-01-05,2025-03-30,13,"action, adult cast, adventure, fantasy, urban fantasy",a-1 pictures,all,2025-04-16,2025.0,8-8.9,adult cast,False,False,False,False,False
58567,Ore dake Level Up na Ken Season 2: Arise from the Shadow,8.78,37.0,441,538000,292404,finished_airing,2025-01-05,2025-03-30,13,"action, adult cast, adventure, fantasy, urban fantasy",a-1 pictures,all,2025-04-16,2025.0,8-8.9,adventure,False,False,False,False,False
58567,Ore dake Level Up na Ken Season 2: Arise from the Shadow,8.78,37.0,441,538000,292404,finished_airing,2025-01-05,2025-03-30,13,"action, adult cast, adventure, fantasy, urban fantasy",a-1 pictures,all,2025-04-16,2025.0,8-8.9,fantasy,False,False,False,False,False
58567,Ore dake Level Up na Ken Season 2: Arise from the Shadow,8.78,37.0,441,538000,292404,finished_airing,2025-01-05,2025-03-30,13,"action, adult cast, adventure, fantasy, urban fantasy",a-1 pictures,all,2025-04-16,2025.0,8-8.9,urban fantasy,False,False,False,False,False
40028,Shingeki no Kyojin: The Final Season,8.78,38.0,31,2143315,1422187,finished_airing,2020-12-07,2021-03-29,16,"action, drama, gore, military, shounen, survival, suspense",mappa,all,2025-04-16,2020.0,8-8.9,action,False,False,False,False,False
40028,Shingeki no Kyojin: The Final Season,8.78,38.0,31,2143315,1422187,finished_airing,2020-12-07,2021-03-29,16,"action, drama, gore, military, shounen, survival, suspense",mappa,all,2025-04-16,2020.0,8-8.9,drama,False,False,False,False,False
40028,Shingeki no Kyojin: The Final Season,8.78,38.0,31,2143315,1422187,finished_airing,2020-12-07,2021-03-29,16,"action, drama, gore, military, shounen, survival, suspense",mappa,all,2025-04-16,2020.0,8-8.9,gore,False,False,False,False,False
40028,Shingeki no Kyojin: The Final Season,8.78,38.0,31,2143315,1422187,finished_airing,2020-12-07,2021-03-29,16,"action, drama, gore, military, shounen, survival, suspense",mappa,all,2025-04-16,2020.0,8-8.9,military,False,False,False,False,False
40028,Shingeki no Kyojin: The Final Season,8.78,38.0,31,2143315,1422187,finished_airing,2020-12-07,2021-03-29,16,"action, drama, gore, military, shounen, survival, suspense",mappa,all,2025-04-16,2020.0,8-8.9,shounen,False,False,False,False,False
40028,Shingeki no Kyojin: The Final Season,8.78,38.0,31,2143315,1422187,finished_airing,2020-12-07,2021-03-29,16,"action, drama, gore, military, shounen, survival, suspense",mappa,all,2025-04-16,2020.0,8-8.9,survival,False,False,False,False,False
40028,Shingeki no Kyojin: The Final Season,8.78,38.0,31,2143315,1422187,finished_airing,2020-12-07,2021-03-29,16,"action, drama, gore, military, shounen, survival, suspense",mappa,all,2025-04-16,2020.0,8-8.9,suspense,False,False,False,False,False
199,Sen to Chihiro no Kamikakushi,8.77,39.0,44,1942560,1356576,finished_airing,2001-07-20,2001-07-20,1,"adventure, award winning, fantasy, mythology",studio ghibli,all,2025-04-16,2001.0,8-8.9,adventure,False,False,False,False,False
199,Sen to Chihiro no Kamikakushi,8.77,39.0,44,1942560,1356576,finished_airing,2001-07-20,2001-07-20,1,"adventure, award winning, fantasy, mythology",studio ghibli,all,2025-04-16,2001.0,8-8.9,award winning,False,False,False,False,False
199,Sen to Chihiro no Kamikakushi,8.77,39.0,44,1942560,1356576,finished_airing,2001-07-20,2001-07-20,1,"adventure, award winning, fantasy, mythology",studio ghibli,all,2025-04-16,2001.0,8-8.9,fantasy,False,False,False,False,False
199,Sen to Chihiro no Kamikakushi,8.77,39.0,44,1942560,1356576,finished_airing,2001-07-20,2001-07-20,1,"adventure, award winning, fantasy, mythology",studio ghibli,all,2025-04-16,2001.0,8-8.9,mythology,False,False,False,False,False
37521,Vinland Saga,8.77,40.0,70,1665246,964083,finished_airing,2019-07-08,2019-12-30,24,"action, adventure, drama, gore, historical, seinen",wit studio,all,2025-04-16,2019.0,8-8.9,action,False,False,False,False,False
37521,Vinland Saga,8.77,40.0,70,1665246,964083,finished_airing,2019-07-08,2019-12-30,24,"action, adventure, drama, gore, historical, seinen",wit studio,all,2025-04-16,2019.0,8-8.9,adventure,False,False,False,False,False
37521,Vinland Saga,8.77,40.0,70,1665246,964083,finished_airing,2019-07-08,2019-12-30,24,"action, adventure, drama, gore, historical, seinen",wit studio,all,2025-04-16,2019.0,8-8.9,drama,False,False,False,False,False
37521,Vinland Saga,8.77,40.0,70,1665246,964083,finished_airing,2019-07-08,2019-12-30,24,"action, adventure, drama, gore, historical, seinen",wit studio,all,2025-04-16,2019.0,8-8.9,gore,False,False,False,False,False
37521,Vinland Saga,8.77,40.0,70,1665246,964083,finished_airing,2019-07-08,2019-12-30,24,"action, adventure, drama, gore, historical, seinen",wit studio,all,2025-04-16,2019.0,8-8.9,historical,False,False,False,False,False
37521,Vinland Saga,8.77,40.0,70,1665246,964083,finished_airing,2019-07-08,2019-12-30,24,"action, adventure, drama, gore, historical, seinen",wit studio,all,2025-04-16,2019.0,8-8.9,seinen,False,False,False,False,False
32935,Haikyuu!! Karasuno Koukou vs. Shiratorizawa Gakuen Koukou,8.77,41.0,116,1269095,837899,finished_airing,2016-10-08,2016-12-10,10,"school, shounen, sports, team sports",production i.g,all,2025-04-16,2016.0,8-8.9,school,False,False,False,False,False
32935,Haikyuu!! Karasuno Koukou vs. Shiratorizawa Gakuen Koukou,8.77,41.0,116,1269095,837899,finished_airing,2016-10-08,2016-12-10,10,"school, shounen, sports, team sports",production i.g,all,2025-04-16,2016.0,8-8.9,shounen,False,False,False,False,False
32935,Haikyuu!! Karasuno Koukou vs. Shiratorizawa Gakuen Koukou,8.77,41.0,116,1269095,837899,finished_airing,2016-10-08,2016-12-10,10,"school, shounen, sports, team sports",production i.g,all,2025-04-16,2016.0,8-8.9,sports,False,False,False,False,False
32935,Haikyuu!! Karasuno Koukou vs. Shiratorizawa Gakuen Koukou,8.77,41.0,116,1269095,837899,finished_airing,2016-10-08,2016-12-10,10,"school, shounen, sports, team sports",production i.g,all,2025-04-16,2016.0,8-8.9,team sports,False,False,False,False,False
48583,Shingeki no Kyojin: The Final Season Part 2,8.76,42.0,98,1427458,840469,finished_airing,2022-01-10,2022-04-04,12,"action, drama, gore, military, shounen, survival, suspense",mappa,all,2025-04-16,2022.0,8-8.9,action,False,False,False,False,False
48583,Shingeki no Kyojin: The Final Season Part 2,8.76,42.0,98,1427458,840469,finished_airing,2022-01-10,2022-04-04,12,"action, drama, gore, military, shounen, survival, suspense",mappa,all,2025-04-16,2022.0,8-8.9,drama,False,False,False,False,False
48583,Shingeki no Kyojin: The Final Season Part 2,8.76,42.0,98,1427458,840469,finished_airing,2022-01-10,2022-04-04,12,"action, drama, gore, military, shounen, survival, suspense",mappa,all,2025-04-16,2022.0,8-8.9,gore,False,False,False,False,False
48583,Shingeki no Kyojin: The Final Season Part 2,8.76,42.0,98,1427458,840469,finished_airing,2022-01-10,2022-04-04,12,"action, drama, gore, military, shounen, survival, suspense",mappa,all,2025-04-16,2022.0,8-8.9,military,False,False,False,False,False
48583,Shingeki no Kyojin: The Final Season Part 2,8.76,42.0,98,1427458,840469,finished_airing,2022-01-10,2022-04-04,12,"action, drama, gore, military, shounen, survival, suspense",mappa,all,2025-04-16,2022.0,8-8.9,shounen,False,False,False,False,False
48583,Shingeki no Kyojin: The Final Season Part 2,8.76,42.0,98,1427458,840469,finished_airing,2022-01-10,2022-04-04,12,"action, drama, gore, military, shounen, survival, suspense",mappa,all,2025-04-16,2022.0,8-8.9,survival,False,False,False,False,False
48583,Shingeki no Kyojin: The Final Season Part 2,8.76,42.0,98,1427458,840469,finished_airing,2022-01-10,2022-04-04,12,"action, drama, gore, military, shounen, survival, suspense",mappa,all,2025-04-16,2022.0,8-8.9,suspense,False,False,False,False,False
51009,Jujutsu Kaisen 2nd Season,8.76,43.0,135,1174474,664632,finished_airing,2023-07-06,2023-12-28,23,"action, gore, school, shounen, supernatural",mappa,all,2025-04-16,2023.0,8-8.9,action,False,False,False,False,False
51009,Jujutsu Kaisen 2nd Season,8.76,43.0,135,1174474,664632,finished_airing,2023-07-06,2023-12-28,23,"action, gore, school, shounen, supernatural",mappa,all,2025-04-16,2023.0,8-8.9,gore,False,False,False,False,False
51009,Jujutsu Kaisen 2nd Season,8.76,43.0,135,1174474,664632,finished_airing,2023-07-06,2023-12-28,23,"action, gore, school, shounen, supernatural",mappa,all,2025-04-16,2023.0,8-8.9,school,False,False,False,False,False
51009,Jujutsu Kaisen 2nd Season,8.76,43.0,135,1174474,664632,finished_airing,2023-07-06,2023-12-28,23,"action, gore, school, shounen, supernatural",mappa,all,2025-04-16,2023.0,8-8.9,shounen,False,False,False,False,False
51009,Jujutsu Kaisen 2nd Season,8.76,43.0,135,1174474,664632,finished_airing,2023-07-06,2023-12-28,23,"action, gore, school, shounen, supernatural",mappa,all,2025-04-16,2023.0,8-8.9,supernatural,False,False,False,False,False
17074,Monogatari Series: Second Season,8.76,44.0,317,696266,369793,finished_airing,2013-07-07,2013-12-29,26,"comedy, mystery, romance, supernatural, vampire",shaft,all,2025-04-16,2013.0,8-8.9,comedy,False,False,False,False,False
17074,Monogatari Series: Second Season,8.76,44.0,317,696266,369793,finished_airing,2013-07-07,2013-12-29,26,"comedy, mystery, romance, supernatural, vampire",shaft,all,2025-04-16,2013.0,8-8.9,mystery,False,False,False,False,False
17074,Monogatari Series: Second Season,8.76,44.0,317,696266,369793,finished_airing,2013-07-07,2013-12-29,26,"comedy, mystery, romance, supernatural, vampire",shaft,all,2025-04-16,2013.0,8-8.9,romance,False,False,False,False,False
17074,Monogatari Series: Second Season,8.76,44.0,317,696266,369793,finished_airing,2013-07-07,2013-12-29,26,"comedy, mystery, romance, supernatural, vampire",shaft,all,2025-04-16,2013.0,8-8.9,supernatural,False,False,False,False,False
17074,Monogatari Series: Second Season,8.76,44.0,317,696266,369793,finished_airing,2013-07-07,2013-12-29,26,"comedy, mystery, romance, supernatural, vampire",shaft,all,2025-04-16,2013.0,8-8.9,vampire,False,False,False,False,False
47917,Bocchi the Rock!,8.75,45.0,324,686342,412981,finished_airing,2022-10-09,2022-12-25,12,"cgdct, comedy, music",cloverworks,all,2025-04-16,2022.0,8-8.9,cgdct,False,False,False,False,False
47917,Bocchi the Rock!,8.75,45.0,324,686342,412981,finished_airing,2022-10-09,2022-12-25,12,"cgdct, comedy, music",cloverworks,all,2025-04-16,2022.0,8-8.9,comedy,False,False,False,False,False
47917,Bocchi the Rock!,8.75,45.0,324,686342,412981,finished_airing,2022-10-09,2022-12-25,12,"cgdct, comedy, music",cloverworks,all,2025-04-16,2022.0,8-8.9,music,False,False,False,False,False
55690,Boku no Kokoro no Yabai Yatsu 2nd Season,8.75,46.0,1025,257454,142928,finished_airing,2024-01-07,2024-03-31,13,"comedy, romance, school, shounen",shin-ei animation,all,2025-04-16,2024.0,8-8.9,comedy,False,False,False,False,False
55690,Boku no Kokoro no Yabai Yatsu 2nd Season,8.75,46.0,1025,257454,142928,finished_airing,2024-01-07,2024-03-31,13,"comedy, romance, school, shounen",shin-ei animation,all,2025-04-16,2024.0,8-8.9,romance,False,False,False,False,False
55690,Boku no Kokoro no Yabai Yatsu 2nd Season,8.75,46.0,1025,257454,142928,finished_airing,2024-01-07,2024-03-31,13,"comedy, romance, school, shounen",shin-ei animation,all,2025-04-16,2024.0,8-8.9,school,False,False,False,False,False
55690,Boku no Kokoro no Yabai Yatsu 2nd Season,8.75,46.0,1025,257454,142928,finished_airing,2024-01-07,2024-03-31,13,"comedy, romance, school, shounen",shin-ei animation,all,2025-04-16,2024.0,8-8.9,shounen,False,False,False,False,False
1,Cowboy Bebop,8.75,47.0,42,1961186,1012611,finished_airing,1998-04-03,1999-04-24,26,"action, adult cast, award winning, sci-fi, space",sunrise,all,2025-04-16,1998.0,8-8.9,action,False,False,False,False,False
1,Cowboy Bebop,8.75,47.0,42,1961186,1012611,finished_airing,1998-04-03,1999-04-24,26,"action, adult cast, award winning, sci-fi, space",sunrise,all,2025-04-16,1998.0,8-8.9,adult cast,False,False,False,False,False
1,Cowboy Bebop,8.75,47.0,42,1961186,1012611,finished_airing,1998-04-03,1999-04-24,26,"action, adult cast, award winning, sci-fi, space",sunrise,all,2025-04-16,1998.0,8-8.9,award winning,False,False,False,False,False
1,Cowboy Bebop,8.75,47.0,42,1961186,1012611,finished_airing,1998-04-03,1999-04-24,26,"action, adult cast, award winning, sci-fi, space",sunrise,all,2025-04-16,1998.0,8-8.9,sci-fi,False,False,False,False,False
1,Cowboy Bebop,8.75,47.0,42,1961186,1012611,finished_airing,1998-04-03,1999-04-24,26,"action, adult cast, award winning, sci-fi, space",sunrise,all,2025-04-16,1998.0,8-8.9,space,False,False,False,False,False
2921,Ashita no Joe 2,8.74,48.0,3040,60021,23427,finished_airing,1980-10-13,1981-08-31,47,"combat sports, drama, shounen, sports",tokyo movie shinsha,all,2025-04-16,1980.0,8-8.9,combat sports,False,False,False,False,False
2921,Ashita no Joe 2,8.74,48.0,3040,60021,23427,finished_airing,1980-10-13,1981-08-31,47,"combat sports, drama, shounen, sports",tokyo movie shinsha,all,2025-04-16,1980.0,8-8.9,drama,False,False,False,False,False
2921,Ashita no Joe 2,8.74,48.0,3040,60021,23427,finished_airing,1980-10-13,1981-08-31,47,"combat sports, drama, shounen, sports",tokyo movie shinsha,all,2025-04-16,1980.0,8-8.9,shounen,False,False,False,False,False
2921,Ashita no Joe 2,8.74,48.0,3040,60021,23427,finished_airing,1980-10-13,1981-08-31,47,"combat sports, drama, shounen, sports",tokyo movie shinsha,all,2025-04-16,1980.0,8-8.9,sports,False,False,False,False,False
52198,Kaguya-sama wa Kokurasetai: First Kiss wa Owaranai,8.74,49.0,803,324169,180003,finished_airing,2022-12-17,2022-12-17,1,"comedy, drama, romance, school, seinen",a-1 pictures,all,2025-04-16,2022.0,8-8.9,comedy,False,False,False,False,False
52198,Kaguya-sama wa Kokurasetai: First Kiss wa Owaranai,8.74,49.0,803,324169,180003,finished_airing,2022-12-17,2022-12-17,1,"comedy, drama, romance, school, seinen",a-1 pictures,all,2025-04-16,2022.0,8-8.9,drama,False,False,False,False,False
52198,Kaguya-sama wa Kokurasetai: First Kiss wa Owaranai,8.74,49.0,803,324169,180003,finished_airing,2022-12-17,2022-12-17,1,"comedy, drama, romance, school, seinen",a-1 pictures,all,2025-04-16,2022.0,8-8.9,romance,False,False,False,False,False
52198,Kaguya-sama wa Kokurasetai: First Kiss wa Owaranai,8.74,49.0,803,324169,180003,finished_airing,2022-12-17,2022-12-17,1,"comedy, drama, romance, school, seinen",a-1 pictures,all,2025-04-16,2022.0,8-8.9,school,False,False,False,False,False
52198,Kaguya-sama wa Kokurasetai: First Kiss wa Owaranai,8.74,49.0,803,324169,180003,finished_airing,2022-12-17,2022-12-17,1,"comedy, drama, romance, school, seinen",a-1 pictures,all,2025-04-16,2022.0,8-8.9,seinen,False,False,False,False,False
50160,Kingdom 4th Season,8.73,50.0,2635,77293,33380,finished_airing,2022-04-10,2022-10-02,26,"action, historical, military, seinen","pierrot, studio signpost",all,2025-04-16,2022.0,8-8.9,action,False,False,False,False,False
50160,Kingdom 4th Season,8.73,50.0,2635,77293,33380,finished_airing,2022-04-10,2022-10-02,26,"action, historical, military, seinen","pierrot, studio signpost",all,2025-04-16,2022.0,8-8.9,historical,False,False,False,False,False
50160,Kingdom 4th Season,8.73,50.0,2635,77293,33380,finished_airing,2022-04-10,2022-10-02,26,"action, historical, military, seinen","pierrot, studio signpost",all,2025-04-16,2022.0,8-8.9,military,False,False,False,False,False
50160,Kingdom 4th Season,8.73,50.0,2635,77293,33380,finished_airing,2022-04-10,2022-10-02,26,"action, historical, military, seinen","pierrot, studio signpost",all,2025-04-16,2022.0,8-8.9,seinen,False,False,False,False,False
58514,Kusuriya no Hitorigoto 2nd Season,8.82,31.0,976,268427,48893,currently_airing,2025-01-10,0,24,"drama, historical, medical, mystery",0,airing,2025-04-16,2025.0,8-8.9,drama,False,False,False,False,False
58514,Kusuriya no Hitorigoto 2nd Season,8.82,31.0,976,268427,48893,currently_airing,2025-01-10,0,24,"drama, historical, medical, mystery",0,airing,2025-04-16,2025.0,8-8.9,historical,False,False,False,False,False
58514,Kusuriya no Hitorigoto 2nd Season,8.82,31.0,976,268427,48893,currently_airing,2025-01-10,0,24,"drama, historical, medical, mystery",0,airing,2025-04-16,2025.0,8-8.9,medical,False,False,False,False,False
58514,Kusuriya no Hitorigoto 2nd Season,8.82,31.0,976,268427,48893,currently_airing,2025-01-10,0,24,"drama, historical, medical, mystery",0,airing,2025-04-16,2025.0,8-8.9,mystery,False,False,False,False,False
21,One Piece,8.73,51.0,17,2516181,1430365,currently_airing,1999-10-20,0,0,"action, adventure, fantasy, shounen",0,airing,2025-04-16,1999.0,8-8.9,action,False,False,False,False,False
21,One Piece,8.73,51.0,17,2516181,1430365,currently_airing,1999-10-20,0,0,"action, adventure, fantasy, shounen",0,airing,2025-04-16,1999.0,8-8.9,adventure,False,False,False,False,False
21,One Piece,8.73,51.0,17,2516181,1430365,currently_airing,1999-10-20,0,0,"action, adventure, fantasy, shounen",0,airing,2025-04-16,1999.0,8-8.9,fantasy,False,False,False,False,False
21,One Piece,8.73,51.0,17,2516181,1430365,currently_airing,1999-10-20,0,0,"action, adventure, fantasy, shounen",0,airing,2025-04-16,1999.0,8-8.9,shounen,False,False,False,False,False
60988,Tian Guan Cifu Short Film,8.52,133.0,8418,5968,1057,currently_airing,2025-02-12,0,0,"action, adventure, drama, fantasy, historical, mythology",0,airing,2025-04-16,2025.0,8-8.9,action,False,False,False,False,False
60988,Tian Guan Cifu Short Film,8.52,133.0,8418,5968,1057,currently_airing,2025-02-12,0,0,"action, adventure, drama, fantasy, historical, mythology",0,airing,2025-04-16,2025.0,8-8.9,adventure,False,False,False,False,False
60988,Tian Guan Cifu Short Film,8.52,133.0,8418,5968,1057,currently_airing,2025-02-12,0,0,"action, adventure, drama, fantasy, historical, mythology",0,airing,2025-04-16,2025.0,8-8.9,drama,False,False,False,False,False
60988,Tian Guan Cifu Short Film,8.52,133.0,8418,5968,1057,currently_airing,2025-02-12,0,0,"action, adventure, drama, fantasy, historical, mythology",0,airing,2025-04-16,2025.0,8-8.9,fantasy,False,False,False,False,False
60988,Tian Guan Cifu Short Film,8.52,133.0,8418,5968,1057,currently_airing,2025-02-12,0,0,"action, adventure, drama, fantasy, historical, mythology",0,airing,2025-04-16,2025.0,8-8.9,historical,False,False,False,False,False
60988,Tian Guan Cifu Short Film,8.52,133.0,8418,5968,1057,currently_airing,2025-02-12,0,0,"action, adventure, drama, fantasy, historical, mythology",0,airing,2025-04-16,2025.0,8-8.9,mythology,False,False,False,False,False
53447,Tu Bian Yingxiong X,8.51,142.0,2926,64885,8337,currently_airing,2025-04-06,0,24,"action, super power",0,airing,2025-04-16,2025.0,8-8.9,action,False,False,False,False,False
53447,Tu Bian Yingxiong X,8.51,142.0,2926,64885,8337,currently_airing,2025-04-06,0,24,"action, super power",0,airing,2025-04-16,2025.0,8-8.9,super power,False,False,False,False,False
51039,Doupo Cangqiong: Nian Fan,8.46,164.0,6812,10113,3393,currently_airing,2022-07-31,0,157,"action, adventure, fantasy, martial arts",0,airing,2025-04-16,2022.0,8-8.9,action,False,False,False,False,False
51039,Doupo Cangqiong: Nian Fan,8.46,164.0,6812,10113,3393,currently_airing,2022-07-31,0,157,"action, adventure, fantasy, martial arts",0,airing,2025-04-16,2022.0,8-8.9,adventure,False,False,False,False,False
51039,Doupo Cangqiong: Nian Fan,8.46,164.0,6812,10113,3393,currently_airing,2022-07-31,0,157,"action, adventure, fantasy, martial arts",0,airing,2025-04-16,2022.0,8-8.9,fantasy,False,False,False,False,False
51039,Doupo Cangqiong: Nian Fan,8.46,164.0,6812,10113,3393,currently_airing,2022-07-31,0,157,"action, adventure, fantasy, martial arts",0,airing,2025-04-16,2022.0,8-8.9,martial arts,False,False,False,False,False
56524,Tunshi Xingkong 4th Season,8.38,208.0,9488,4285,1455,currently_airing,2023-10-03,0,123,"action, adventure, fantasy, martial arts, sci-fi",0,airing,2025-04-16,2023.0,8-8.9,action,False,False,False,False,False
56524,Tunshi Xingkong 4th Season,8.38,208.0,9488,4285,1455,currently_airing,2023-10-03,0,123,"action, adventure, fantasy, martial arts, sci-fi",0,airing,2025-04-16,2023.0,8-8.9,adventure,False,False,False,False,False
56524,Tunshi Xingkong 4th Season,8.38,208.0,9488,4285,1455,currently_airing,2023-10-03,0,123,"action, adventure, fantasy, martial arts, sci-fi",0,airing,2025-04-16,2023.0,8-8.9,fantasy,False,False,False,False,False
56524,Tunshi Xingkong 4th Season,8.38,208.0,9488,4285,1455,currently_airing,2023-10-03,0,123,"action, adventure, fantasy, martial arts, sci-fi",0,airing,2025-04-16,2023.0,8-8.9,martial arts,False,False,False,False,False
56524,Tunshi Xingkong 4th Season,8.38,208.0,9488,4285,1455,currently_airing,2023-10-03,0,123,"action, adventure, fantasy, martial arts, sci-fi",0,airing,2025-04-16,2023.0,8-8.9,sci-fi,False,False,False,False,False
55809,Xian Ni,8.35,237.0,8124,6489,1585,currently_airing,2023-09-25,0,128,"action, adventure, fantasy, historical",0,airing,2025-04-16,2023.0,8-8.9,action,False,False,False,False,False
55809,Xian Ni,8.35,237.0,8124,6489,1585,currently_airing,2023-09-25,0,128,"action, adventure, fantasy, historical",0,airing,2025-04-16,2023.0,8-8.9,adventure,False,False,False,False,False
55809,Xian Ni,8.35,237.0,8124,6489,1585,currently_airing,2023-09-25,0,128,"action, adventure, fantasy, historical",0,airing,2025-04-16,2023.0,8-8.9,fantasy,False,False,False,False,False
55809,Xian Ni,8.35,237.0,8124,6489,1585,currently_airing,2023-09-25,0,128,"action, adventure, fantasy, historical",0,airing,2025-04-16,2023.0,8-8.9,historical,False,False,False,False,False
52684,Shen Yin Wangzuo 2nd Season,8.23,359.0,8269,6195,2341,currently_airing,2022-11-10,0,0,"action, adventure, fantasy",0,airing,2025-04-16,2022.0,8-8.9,action,False,False,False,False,False
52684,Shen Yin Wangzuo 2nd Season,8.23,359.0,8269,6195,2341,currently_airing,2022-11-10,0,0,"action, adventure, fantasy",0,airing,2025-04-16,2022.0,8-8.9,adventure,False,False,False,False,False
52684,Shen Yin Wangzuo 2nd Season,8.23,359.0,8269,6195,2341,currently_airing,2022-11-10,0,0,"action, adventure, fantasy",0,airing,2025-04-16,2022.0,8-8.9,fantasy,False,False,False,False,False
235,Meitantei Conan,8.17,438.0,701,363876,165011,currently_airing,1996-01-08,0,0,"adventure, comedy, detective, mystery, shounen",0,airing,2025-04-16,1996.0,8-8.9,adventure,False,False,False,False,False
235,Meitantei Conan,8.17,438.0,701,363876,165011,currently_airing,1996-01-08,0,0,"adventure, comedy, detective, mystery, shounen",0,airing,2025-04-16,1996.0,8-8.9,comedy,False,False,False,False,False
235,Meitantei Conan,8.17,438.0,701,363876,165011,currently_airing,1996-01-08,0,0,"adventure, comedy, detective, mystery, shounen",0,airing,2025-04-16,1996.0,8-8.9,detective,False,False,False,False,False
235,Meitantei Conan,8.17,438.0,701,363876,165011,currently_airing,1996-01-08,0,0,"adventure, comedy, detective, mystery, shounen",0,airing,2025-04-16,1996.0,8-8.9,mystery,False,False,False,False,False
235,Meitantei Conan,8.17,438.0,701,363876,165011,currently_airing,1996-01-08,0,0,"adventure, comedy, detective, mystery, shounen",0,airing,2025-04-16,1996.0,8-8.9,shounen,False,False,False,False,False
44042,Holo no Graffiti,8.16,455.0,3112,57572,18025,currently_airing,2019-05-05,0,0,comedy,0,airing,2025-04-16,2019.0,8-8.9,comedy,False,False,False,False,False
59228,Kuroshitsuji: Midori no Majo-hen,8.15,459.0,3976,36477,2041,currently_airing,2025-04-05,0,13,"action, historical, mystery, mythology, shounen, supernatural",0,airing,2025-04-16,2025.0,8-8.9,action,False,False,False,False,False
59228,Kuroshitsuji: Midori no Majo-hen,8.15,459.0,3976,36477,2041,currently_airing,2025-04-05,0,13,"action, historical, mystery, mythology, shounen, supernatural",0,airing,2025-04-16,2025.0,8-8.9,historical,False,False,False,False,False
59228,Kuroshitsuji: Midori no Majo-hen,8.15,459.0,3976,36477,2041,currently_airing,2025-04-05,0,13,"action, historical, mystery, mythology, shounen, supernatural",0,airing,2025-04-16,2025.0,8-8.9,mystery,False,False,False,False,False
59228,Kuroshitsuji: Midori no Majo-hen,8.15,459.0,3976,36477,2041,currently_airing,2025-04-05,0,13,"action, historical, mystery, mythology, shounen, supernatural",0,airing,2025-04-16,2025.0,8-8.9,mythology,False,False,False,False,False
59228,Kuroshitsuji: Midori no Majo-hen,8.15,459.0,3976,36477,2041,currently_airing,2025-04-05,0,13,"action, historical, mystery, mythology, shounen, supernatural",0,airing,2025-04-16,2025.0,8-8.9,shounen,False,False,False,False,False
59228,Kuroshitsuji: Midori no Majo-hen,8.15,459.0,3976,36477,2041,currently_airing,2025-04-05,0,13,"action, historical, mystery, mythology, shounen, supernatural",0,airing,2025-04-16,2025.0,8-8.9,supernatural,False,False,False,False,False
59160,Wind Breaker Season 2,8.14,471.0,2049,114632,9223,currently_airing,2025-04-04,0,12,"action, delinquents, school",0,airing,2025-04-16,2025.0,8-8.9,action,False,False,False,False,False
59160,Wind Breaker Season 2,8.14,471.0,2049,114632,9223,currently_airing,2025-04-04,0,12,"action, delinquents, school",0,airing,2025-04-16,2025.0,8-8.9,delinquents,False,False,False,False,False
59160,Wind Breaker Season 2,8.14,471.0,2049,114632,9223,currently_airing,2025-04-04,0,12,"action, delinquents, school",0,airing,2025-04-16,2025.0,8-8.9,school,False,False,False,False,False
59636,Uma Musume: Cinderella Gray,8.11,506.0,5577,16617,1616,currently_airing,2025-04-06,0,13,"anthropomorphic, drama, racing, seinen, sports",0,airing,2025-04-16,2025.0,8-8.9,anthropomorphic,False,False,False,False,False
59636,Uma Musume: Cinderella Gray,8.11,506.0,5577,16617,1616,currently_airing,2025-04-06,0,13,"anthropomorphic, drama, racing, seinen, sports",0,airing,2025-04-16,2025.0,8-8.9,drama,False,False,False,False,False
59636,Uma Musume: Cinderella Gray,8.11,506.0,5577,16617,1616,currently_airing,2025-04-06,0,13,"anthropomorphic, drama, racing, seinen, sports",0,airing,2025-04-16,2025.0,8-8.9,racing,False,False,False,False,False
59636,Uma Musume: Cinderella Gray,8.11,506.0,5577,16617,1616,currently_airing,2025-04-06,0,13,"anthropomorphic, drama, racing, seinen, sports",0,airing,2025-04-16,2025.0,8-8.9,seinen,False,False,False,False,False
59636,Uma Musume: Cinderella Gray,8.11,506.0,5577,16617,1616,currently_airing,2025-04-06,0,13,"anthropomorphic, drama, racing, seinen, sports",0,airing,2025-04-16,2025.0,8-8.9,sports,False,False,False,False,False
51818,Enen no Shouboutai: San no Shou,8.11,519.0,1340,192868,8812,currently_airing,2025-04-05,0,12,"action, fantasy, sci-fi, shounen, urban fantasy",0,airing,2025-04-16,2025.0,8-8.9,action,False,False,False,False,False
51818,Enen no Shouboutai: San no Shou,8.11,519.0,1340,192868,8812,currently_airing,2025-04-05,0,12,"action, fantasy, sci-fi, shounen, urban fantasy",0,airing,2025-04-16,2025.0,8-8.9,fantasy,False,False,False,False,False
51818,Enen no Shouboutai: San no Shou,8.11,519.0,1340,192868,8812,currently_airing,2025-04-05,0,12,"action, fantasy, sci-fi, shounen, urban fantasy",0,airing,2025-04-16,2025.0,8-8.9,sci-fi,False,False,False,False,False
51818,Enen no Shouboutai: San no Shou,8.11,519.0,1340,192868,8812,currently_airing,2025-04-05,0,12,"action, fantasy, sci-fi, shounen, urban fantasy",0,airing,2025-04-16,2025.0,8-8.9,shounen,False,False,False,False,False
51818,Enen no Shouboutai: San no Shou,8.11,519.0,1340,192868,8812,currently_airing,2025-04-05,0,12,"action, fantasy, sci-fi, shounen, urban fantasy",0,airing,2025-04-16,2025.0,8-8.9,urban fantasy,False,False,False,False,False
51836,Douluo Dalu II: Jueshi Tangmen,8.07,565.0,8658,5588,1523,currently_airing,2023-06-24,0,104,"action, adventure, fantasy, martial arts",0,airing,2025-04-16,2023.0,8-8.9,action,False,False,False,False,False
51836,Douluo Dalu II: Jueshi Tangmen,8.07,565.0,8658,5588,1523,currently_airing,2023-06-24,0,104,"action, adventure, fantasy, martial arts",0,airing,2025-04-16,2023.0,8-8.9,adventure,False,False,False,False,False
51836,Douluo Dalu II: Jueshi Tangmen,8.07,565.0,8658,5588,1523,currently_airing,2023-06-24,0,104,"action, adventure, fantasy, martial arts",0,airing,2025-04-16,2023.0,8-8.9,fantasy,False,False,False,False,False
51836,Douluo Dalu II: Jueshi Tangmen,8.07,565.0,8658,5588,1523,currently_airing,2023-06-24,0,104,"action, adventure, fantasy, martial arts",0,airing,2025-04-16,2023.0,8-8.9,martial arts,False,False,False,False,False
59953,Mushen Ji,7.93,767.0,6113,13027,11996,currently_airing,2024-10-27,0,0,"action, adventure, fantasy, historical",0,airing,2025-04-16,2024.0,7-7.9,action,False,False,False,False,False
59953,Mushen Ji,7.93,767.0,6113,13027,11996,currently_airing,2024-10-27,0,0,"action, adventure, fantasy, historical",0,airing,2025-04-16,2024.0,7-7.9,adventure,False,False,False,False,False
59953,Mushen Ji,7.93,767.0,6113,13027,11996,currently_airing,2024-10-27,0,0,"action, adventure, fantasy, historical",0,airing,2025-04-16,2024.0,7-7.9,fantasy,False,False,False,False,False
59953,Mushen Ji,7.93,767.0,6113,13027,11996,currently_airing,2024-10-27,0,0,"action, adventure, fantasy, historical",0,airing,2025-04-16,2024.0,7-7.9,historical,False,False,False,False,False
47405,Wanmei Shijie,7.87,894.0,6318,12021,2350,currently_airing,2021-04-23,0,234,"action, adventure, fantasy",0,airing,2025-04-16,2021.0,7-7.9,action,False,False,False,False,False
47405,Wanmei Shijie,7.87,894.0,6318,12021,2350,currently_airing,2021-04-23,0,234,"action, adventure, fantasy",0,airing,2025-04-16,2021.0,7-7.9,adventure,False,False,False,False,False
47405,Wanmei Shijie,7.87,894.0,6318,12021,2350,currently_airing,2021-04-23,0,234,"action, adventure, fantasy",0,airing,2025-04-16,2021.0,7-7.9,fantasy,False,False,False,False,False
50250,Chiikawa,7.85,937.0,7689,7403,1823,currently_airing,2022-04-04,0,0,"comedy, seinen",0,airing,2025-04-16,2022.0,7-7.9,comedy,False,False,False,False,False
50250,Chiikawa,7.85,937.0,7689,7403,1823,currently_airing,2022-04-04,0,0,"comedy, seinen",0,airing,2025-04-16,2022.0,7-7.9,seinen,False,False,False,False,False
60557,Fanren Xiu Xian Chuan: Waihai Fengyun,7.83,971.0,13692,1211,231,currently_airing,2025-01-18,0,52,"action, adventure, fantasy, historical, martial arts",0,airing,2025-04-16,2025.0,7-7.9,action,False,False,False,False,False
60557,Fanren Xiu Xian Chuan: Waihai Fengyun,7.83,971.0,13692,1211,231,currently_airing,2025-01-18,0,52,"action, adventure, fantasy, historical, martial arts",0,airing,2025-04-16,2025.0,7-7.9,adventure,False,False,False,False,False
60557,Fanren Xiu Xian Chuan: Waihai Fengyun,7.83,971.0,13692,1211,231,currently_airing,2025-01-18,0,52,"action, adventure, fantasy, historical, martial arts",0,airing,2025-04-16,2025.0,7-7.9,fantasy,False,False,False,False,False
60557,Fanren Xiu Xian Chuan: Waihai Fengyun,7.83,971.0,13692,1211,231,currently_airing,2025-01-18,0,52,"action, adventure, fantasy, historical, martial arts",0,airing,2025-04-16,2025.0,7-7.9,historical,False,False,False,False,False
60557,Fanren Xiu Xian Chuan: Waihai Fengyun,7.83,971.0,13692,1211,231,currently_airing,2025-01-18,0,52,"action, adventure, fantasy, historical, martial arts",0,airing,2025-04-16,2025.0,7-7.9,martial arts,False,False,False,False,False
56215,Yi Nian Yong Heng 3rd Season,7.82,996.0,11124,2602,438,currently_airing,2024-07-03,0,59,"action, adventure, fantasy, historical, martial arts",0,airing,2025-04-16,2024.0,7-7.9,action,False,False,False,False,False
56215,Yi Nian Yong Heng 3rd Season,7.82,996.0,11124,2602,438,currently_airing,2024-07-03,0,59,"action, adventure, fantasy, historical, martial arts",0,airing,2025-04-16,2024.0,7-7.9,adventure,False,False,False,False,False
56215,Yi Nian Yong Heng 3rd Season,7.82,996.0,11124,2602,438,currently_airing,2024-07-03,0,59,"action, adventure, fantasy, historical, martial arts",0,airing,2025-04-16,2024.0,7-7.9,fantasy,False,False,False,False,False
56215,Yi Nian Yong Heng 3rd Season,7.82,996.0,11124,2602,438,currently_airing,2024-07-03,0,59,"action, adventure, fantasy, historical, martial arts",0,airing,2025-04-16,2024.0,7-7.9,historical,False,False,False,False,False
56215,Yi Nian Yong Heng 3rd Season,7.82,996.0,11124,2602,438,currently_airing,2024-07-03,0,59,"action, adventure, fantasy, historical, martial arts",0,airing,2025-04-16,2024.0,7-7.9,martial arts,False,False,False,False,False
60083,Kowloon Generic Romance,7.81,1015.0,2820,69116,6303,currently_airing,2025-04-05,0,13,"adult cast, romance, sci-fi, seinen, workplace",0,airing,2025-04-16,2025.0,7-7.9,adult cast,False,False,False,False,False
60083,Kowloon Generic Romance,7.81,1015.0,2820,69116,6303,currently_airing,2025-04-05,0,13,"adult cast, romance, sci-fi, seinen, workplace",0,airing,2025-04-16,2025.0,7-7.9,romance,False,False,False,False,False
60083,Kowloon Generic Romance,7.81,1015.0,2820,69116,6303,currently_airing,2025-04-05,0,13,"adult cast, romance, sci-fi, seinen, workplace",0,airing,2025-04-16,2025.0,7-7.9,sci-fi,False,False,False,False,False
60083,Kowloon Generic Romance,7.81,1015.0,2820,69116,6303,currently_airing,2025-04-05,0,13,"adult cast, romance, sci-fi, seinen, workplace",0,airing,2025-04-16,2025.0,7-7.9,seinen,False,False,False,False,False
60083,Kowloon Generic Romance,7.81,1015.0,2820,69116,6303,currently_airing,2025-04-05,0,13,"adult cast, romance, sci-fi, seinen, workplace",0,airing,2025-04-16,2025.0,7-7.9,workplace,False,False,False,False,False
966,Crayon Shin-chan,7.81,1030.0,2397,89708,42382,currently_airing,1992-04-13,0,0,"comedy, ecchi, school, seinen",0,airing,2025-04-16,1992.0,7-7.9,comedy,False,False,False,False,False
966,Crayon Shin-chan,7.81,1030.0,2397,89708,42382,currently_airing,1992-04-13,0,0,"comedy, ecchi, school, seinen",0,airing,2025-04-16,1992.0,7-7.9,ecchi,False,False,False,False,False
966,Crayon Shin-chan,7.81,1030.0,2397,89708,42382,currently_airing,1992-04-13,0,0,"comedy, ecchi, school, seinen",0,airing,2025-04-16,1992.0,7-7.9,school,False,False,False,False,False
966,Crayon Shin-chan,7.81,1030.0,2397,89708,42382,currently_airing,1992-04-13,0,0,"comedy, ecchi, school, seinen",0,airing,2025-04-16,1992.0,7-7.9,seinen,False,False,False,False,False
60420,Cang Yuan Tu 2nd Season,7.78,1104.0,14138,1076,256,currently_airing,2024-12-06,0,27,"action, adventure, fantasy, historical, martial arts",0,airing,2025-04-16,2024.0,7-7.9,action,False,False,False,False,False
60420,Cang Yuan Tu 2nd Season,7.78,1104.0,14138,1076,256,currently_airing,2024-12-06,0,27,"action, adventure, fantasy, historical, martial arts",0,airing,2025-04-16,2024.0,7-7.9,adventure,False,False,False,False,False
60420,Cang Yuan Tu 2nd Season,7.78,1104.0,14138,1076,256,currently_airing,2024-12-06,0,27,"action, adventure, fantasy, historical, martial arts",0,airing,2025-04-16,2024.0,7-7.9,fantasy,False,False,False,False,False
60420,Cang Yuan Tu 2nd Season,7.78,1104.0,14138,1076,256,currently_airing,2024-12-06,0,27,"action, adventure, fantasy, historical, martial arts",0,airing,2025-04-16,2024.0,7-7.9,historical,False,False,False,False,False
60420,Cang Yuan Tu 2nd Season,7.78,1104.0,14138,1076,256,currently_airing,2024-12-06,0,27,"action, adventure, fantasy, historical, martial arts",0,airing,2025-04-16,2024.0,7-7.9,martial arts,False,False,False,False,False
60334,Anne Shirley,7.75,1173.0,4772,24513,2506,currently_airing,2025-04-05,0,24,"drama, historical",0,airing,2025-04-16,2025.0,7-7.9,drama,False,False,False,False,False
60334,Anne Shirley,7.75,1173.0,4772,24513,2506,currently_airing,2025-04-05,0,24,"drama, historical",0,airing,2025-04-16,2025.0,7-7.9,historical,False,False,False,False,False
8687,Doraemon (2005),7.72,1259.0,5021,21784,9680,currently_airing,2005-04-22,0,0,"anthropomorphic, comedy, kids, sci-fi, shounen",0,airing,2025-04-16,2005.0,7-7.9,anthropomorphic,False,False,False,False,False
8687,Doraemon (2005),7.72,1259.0,5021,21784,9680,currently_airing,2005-04-22,0,0,"anthropomorphic, comedy, kids, sci-fi, shounen",0,airing,2025-04-16,2005.0,7-7.9,comedy,False,False,False,False,False
8687,Doraemon (2005),7.72,1259.0,5021,21784,9680,currently_airing,2005-04-22,0,0,"anthropomorphic, comedy, kids, sci-fi, shounen",0,airing,2025-04-16,2005.0,7-7.9,kids,False,False,False,False,False
8687,Doraemon (2005),7.72,1259.0,5021,21784,9680,currently_airing,2005-04-22,0,0,"anthropomorphic, comedy, kids, sci-fi, shounen",0,airing,2025-04-16,2005.0,7-7.9,sci-fi,False,False,False,False,False
8687,Doraemon (2005),7.72,1259.0,5021,21784,9680,currently_airing,2005-04-22,0,0,"anthropomorphic, comedy, kids, sci-fi, shounen",0,airing,2025-04-16,2005.0,7-7.9,shounen,False,False,False,False,False
56038,Lazarus,7.71,1281.0,1781,136271,7806,currently_airing,2025-04-06,0,13,sci-fi,0,airing,2025-04-16,2025.0,7-7.9,sci-fi,False,False,False,False,False
58812,Shin Samurai-den Yaiba,7.67,1374.0,4932,22699,2494,currently_airing,2025-04-05,0,0,"adventure, samurai, shounen",0,airing,2025-04-16,2025.0,7-7.9,adventure,False,False,False,False,False
58812,Shin Samurai-den Yaiba,7.67,1374.0,4932,22699,2494,currently_airing,2025-04-05,0,0,"adventure, samurai, shounen",0,airing,2025-04-16,2025.0,7-7.9,samurai,False,False,False,False,False
58812,Shin Samurai-den Yaiba,7.67,1374.0,4932,22699,2494,currently_airing,2025-04-05,0,0,"adventure, samurai, shounen",0,airing,2025-04-16,2025.0,7-7.9,shounen,False,False,False,False,False
60449,Kidou Senshi Gundam: GQuuuuuuX,7.66,1448.0,4428,29223,2322,currently_airing,2025-04-09,0,0,"action, mecha, sci-fi, space",0,airing,2025-04-16,2025.0,7-7.9,action,False,False,False,False,False
60449,Kidou Senshi Gundam: GQuuuuuuX,7.66,1448.0,4428,29223,2322,currently_airing,2025-04-09,0,0,"action, mecha, sci-fi, space",0,airing,2025-04-16,2025.0,7-7.9,mecha,False,False,False,False,False
60449,Kidou Senshi Gundam: GQuuuuuuX,7.66,1448.0,4428,29223,2322,currently_airing,2025-04-09,0,0,"action, mecha, sci-fi, space",0,airing,2025-04-16,2025.0,7-7.9,sci-fi,False,False,False,False,False
60449,Kidou Senshi Gundam: GQuuuuuuX,7.66,1448.0,4428,29223,2322,currently_airing,2025-04-09,0,0,"action, mecha, sci-fi, space",0,airing,2025-04-16,2025.0,7-7.9,space,False,False,False,False,False
59189,Sentai Daishikkaku 2nd Season,7.66,1435.0,3576,45003,1480,currently_airing,2025-04-13,0,12,"action, fantasy, shounen, urban fantasy",0,airing,2025-04-16,2025.0,7-7.9,action,False,False,False,False,False
59189,Sentai Daishikkaku 2nd Season,7.66,1435.0,3576,45003,1480,currently_airing,2025-04-13,0,12,"action, fantasy, shounen, urban fantasy",0,airing,2025-04-16,2025.0,7-7.9,fantasy,False,False,False,False,False
59189,Sentai Daishikkaku 2nd Season,7.66,1435.0,3576,45003,1480,currently_airing,2025-04-13,0,12,"action, fantasy, shounen, urban fantasy",0,airing,2025-04-16,2025.0,7-7.9,shounen,False,False,False,False,False
59189,Sentai Daishikkaku 2nd Season,7.66,1435.0,3576,45003,1480,currently_airing,2025-04-13,0,12,"action, fantasy, shounen, urban fantasy",0,airing,2025-04-16,2025.0,7-7.9,urban fantasy,False,False,False,False,False
49778,Kijin Gentoushou,7.65,1449.0,3012,61531,6266,currently_airing,2025-03-31,0,0,"action, adventure, fantasy, historical",0,airing,2025-04-16,2025.0,7-7.9,action,False,False,False,False,False
49778,Kijin Gentoushou,7.65,1449.0,3012,61531,6266,currently_airing,2025-03-31,0,0,"action, adventure, fantasy, historical",0,airing,2025-04-16,2025.0,7-7.9,adventure,False,False,False,False,False
49778,Kijin Gentoushou,7.65,1449.0,3012,61531,6266,currently_airing,2025-03-31,0,0,"action, adventure, fantasy, historical",0,airing,2025-04-16,2025.0,7-7.9,fantasy,False,False,False,False,False
49778,Kijin Gentoushou,7.65,1449.0,3012,61531,6266,currently_airing,2025-03-31,0,0,"action, adventure, fantasy, historical",0,airing,2025-04-16,2025.0,7-7.9,historical,False,False,False,False,False
59828,Shoushimin Series 2nd Season,7.64,1477.0,4490,28271,2275,currently_airing,2025-04-06,0,0,"mystery, school",0,airing,2025-04-16,2025.0,7-7.9,mystery,False,False,False,False,False
59828,Shoushimin Series 2nd Season,7.64,1477.0,4490,28271,2275,currently_airing,2025-04-06,0,0,"mystery, school",0,airing,2025-04-16,2025.0,7-7.9,school,False,False,False,False,False
57442,Shixiong A Shixiong 2nd Season,7.62,1525.0,12809,1545,380,currently_airing,2023-12-14,0,78,"action, adventure, fantasy, historical, martial arts",0,airing,2025-04-16,2023.0,7-7.9,action,False,False,False,False,False
57442,Shixiong A Shixiong 2nd Season,7.62,1525.0,12809,1545,380,currently_airing,2023-12-14,0,78,"action, adventure, fantasy, historical, martial arts",0,airing,2025-04-16,2023.0,7-7.9,adventure,False,False,False,False,False
57442,Shixiong A Shixiong 2nd Season,7.62,1525.0,12809,1545,380,currently_airing,2023-12-14,0,78,"action, adventure, fantasy, historical, martial arts",0,airing,2025-04-16,2023.0,7-7.9,fantasy,False,False,False,False,False
57442,Shixiong A Shixiong 2nd Season,7.62,1525.0,12809,1545,380,currently_airing,2023-12-14,0,78,"action, adventure, fantasy, historical, martial arts",0,airing,2025-04-16,2023.0,7-7.9,historical,False,False,False,False,False
57442,Shixiong A Shixiong 2nd Season,7.62,1525.0,12809,1545,380,currently_airing,2023-12-14,0,78,"action, adventure, fantasy, historical, martial arts",0,airing,2025-04-16,2023.0,7-7.9,martial arts,False,False,False,False,False
51289,Zhe Tian,7.59,1641.0,10869,2805,654,currently_airing,2023-05-03,0,156,"action, adventure, sci-fi",0,airing,2025-04-16,2023.0,7-7.9,action,False,False,False,False,False
51289,Zhe Tian,7.59,1641.0,10869,2805,654,currently_airing,2023-05-03,0,156,"action, adventure, sci-fi",0,airing,2025-04-16,2023.0,7-7.9,adventure,False,False,False,False,False
51289,Zhe Tian,7.59,1641.0,10869,2805,654,currently_airing,2023-05-03,0,156,"action, adventure, sci-fi",0,airing,2025-04-16,2023.0,7-7.9,sci-fi,False,False,False,False,False
59466,Aharen-san wa Hakarenai Season 2,7.58,1659.0,3227,53855,3234,currently_airing,2025-04-07,0,12,"comedy, love status quo, romance, school, shounen",0,airing,2025-04-16,2025.0,7-7.9,comedy,False,False,False,False,False
59466,Aharen-san wa Hakarenai Season 2,7.58,1659.0,3227,53855,3234,currently_airing,2025-04-07,0,12,"comedy, love status quo, romance, school, shounen",0,airing,2025-04-16,2025.0,7-7.9,love status quo,False,False,False,False,False
59466,Aharen-san wa Hakarenai Season 2,7.58,1659.0,3227,53855,3234,currently_airing,2025-04-07,0,12,"comedy, love status quo, romance, school, shounen",0,airing,2025-04-16,2025.0,7-7.9,romance,False,False,False,False,False
59466,Aharen-san wa Hakarenai Season 2,7.58,1659.0,3227,53855,3234,currently_airing,2025-04-07,0,12,"comedy, love status quo, romance, school, shounen",0,airing,2025-04-16,2025.0,7-7.9,school,False,False,False,False,False
59466,Aharen-san wa Hakarenai Season 2,7.58,1659.0,3227,53855,3234,currently_airing,2025-04-07,0,12,"comedy, love status quo, romance, school, shounen",0,airing,2025-04-16,2025.0,7-7.9,shounen,False,False,False,False,False
59597,Witch Watch,7.58,1682.0,2657,76174,7642,currently_airing,2025-04-06,0,26,"comedy, shounen, supernatural",0,airing,2025-04-16,2025.0,7-7.9,comedy,False,False,False,False,False
59597,Witch Watch,7.58,1682.0,2657,76174,7642,currently_airing,2025-04-06,0,26,"comedy, shounen, supernatural",0,airing,2025-04-16,2025.0,7-7.9,shounen,False,False,False,False,False
59597,Witch Watch,7.58,1682.0,2657,76174,7642,currently_airing,2025-04-06,0,26,"comedy, shounen, supernatural",0,airing,2025-04-16,2025.0,7-7.9,supernatural,False,False,False,False,False
59360,Rock wa Lady no Tashinami deshite,7.57,1708.0,4300,30920,3175,currently_airing,2025-04-03,0,0,"comedy, music, school, seinen",0,airing,2025-04-16,2025.0,7-7.9,comedy,False,False,False,False,False
59360,Rock wa Lady no Tashinami deshite,7.57,1708.0,4300,30920,3175,currently_airing,2025-04-03,0,0,"comedy, music, school, seinen",0,airing,2025-04-16,2025.0,7-7.9,music,False,False,False,False,False
59360,Rock wa Lady no Tashinami deshite,7.57,1708.0,4300,30920,3175,currently_airing,2025-04-03,0,0,"comedy, music, school, seinen",0,airing,2025-04-16,2025.0,7-7.9,school,False,False,False,False,False
59360,Rock wa Lady no Tashinami deshite,7.57,1708.0,4300,30920,3175,currently_airing,2025-04-03,0,0,"comedy, music, school, seinen",0,airing,2025-04-16,2025.0,7-7.9,seinen,False,False,False,False,False
41409,Wushen Zhuzai,7.54,1824.0,8195,6365,1644,currently_airing,2020-03-08,0,608,"action, drama, fantasy, historical, martial arts",0,airing,2025-04-16,2020.0,7-7.9,action,False,False,False,False,False
41409,Wushen Zhuzai,7.54,1824.0,8195,6365,1644,currently_airing,2020-03-08,0,608,"action, drama, fantasy, historical, martial arts",0,airing,2025-04-16,2020.0,7-7.9,drama,False,False,False,False,False
41409,Wushen Zhuzai,7.54,1824.0,8195,6365,1644,currently_airing,2020-03-08,0,608,"action, drama, fantasy, historical, martial arts",0,airing,2025-04-16,2020.0,7-7.9,fantasy,False,False,False,False,False
41409,Wushen Zhuzai,7.54,1824.0,8195,6365,1644,currently_airing,2020-03-08,0,608,"action, drama, fantasy, historical, martial arts",0,airing,2025-04-16,2020.0,7-7.9,historical,False,False,False,False,False
41409,Wushen Zhuzai,7.54,1824.0,8195,6365,1644,currently_airing,2020-03-08,0,608,"action, drama, fantasy, historical, martial arts",0,airing,2025-04-16,2020.0,7-7.9,martial arts,False,False,False,False,False
60593,Vigilante: Boku no Hero Academia Illegals,7.53,1880.0,2572,80525,5802,currently_airing,2025-04-07,0,13,"action, shounen, super power",0,airing,2025-04-16,2025.0,7-7.9,action,False,False,False,False,False
60593,Vigilante: Boku no Hero Academia Illegals,7.53,1880.0,2572,80525,5802,currently_airing,2025-04-07,0,13,"action, shounen, super power",0,airing,2025-04-16,2025.0,7-7.9,shounen,False,False,False,False,False
60593,Vigilante: Boku no Hero Academia Illegals,7.53,1880.0,2572,80525,5802,currently_airing,2025-04-07,0,13,"action, shounen, super power",0,airing,2025-04-16,2025.0,7-7.9,super power,False,False,False,False,False
58492,Mono,7.52,1901.0,5586,16551,1388,currently_airing,2025-04-13,0,12,"cgdct, comedy",0,airing,2025-04-16,2025.0,7-7.9,cgdct,False,False,False,False,False
58492,Mono,7.52,1901.0,5586,16551,1388,currently_airing,2025-04-13,0,12,"cgdct, comedy",0,airing,2025-04-16,2025.0,7-7.9,comedy,False,False,False,False,False
50694,Summer Pockets,7.44,2215.0,4208,32571,3069,currently_airing,2025-04-07,0,0,slice of life,0,airing,2025-04-16,2025.0,7-7.9,slice of life,False,False,False,False,False
60407,Kimi to Idol Precure♪,7.44,2232.0,9291,4573,614,currently_airing,2025-02-02,0,49,"action, mahou shoujo",0,airing,2025-04-16,2025.0,7-7.9,action,False,False,False,False,False
60407,Kimi to Idol Precure♪,7.44,2232.0,9291,4573,614,currently_airing,2025-02-02,0,49,"action, mahou shoujo",0,airing,2025-04-16,2025.0,7-7.9,mahou shoujo,False,False,False,False,False
54437,Lian Qi Shi Wan Nian,7.43,2241.0,10978,2725,704,currently_airing,2023-02-18,0,260,"action, adventure, fantasy, historical, martial arts",0,airing,2025-04-16,2023.0,7-7.9,action,False,False,False,False,False
54437,Lian Qi Shi Wan Nian,7.43,2241.0,10978,2725,704,currently_airing,2023-02-18,0,260,"action, adventure, fantasy, historical, martial arts",0,airing,2025-04-16,2023.0,7-7.9,adventure,False,False,False,False,False
54437,Lian Qi Shi Wan Nian,7.43,2241.0,10978,2725,704,currently_airing,2023-02-18,0,260,"action, adventure, fantasy, historical, martial arts",0,airing,2025-04-16,2023.0,7-7.9,fantasy,False,False,False,False,False
54437,Lian Qi Shi Wan Nian,7.43,2241.0,10978,2725,704,currently_airing,2023-02-18,0,260,"action, adventure, fantasy, historical, martial arts",0,airing,2025-04-16,2023.0,7-7.9,historical,False,False,False,False,False
54437,Lian Qi Shi Wan Nian,7.43,2241.0,10978,2725,704,currently_airing,2023-02-18,0,260,"action, adventure, fantasy, historical, martial arts",0,airing,2025-04-16,2023.0,7-7.9,martial arts,False,False,False,False,False
56717,Xian Wu Chuan 2nd Season,7.42,2288.0,12470,1729,446,currently_airing,2023-09-24,0,156,"action, adventure, fantasy, historical, martial arts",0,airing,2025-04-16,2023.0,7-7.9,action,False,False,False,False,False
56717,Xian Wu Chuan 2nd Season,7.42,2288.0,12470,1729,446,currently_airing,2023-09-24,0,156,"action, adventure, fantasy, historical, martial arts",0,airing,2025-04-16,2023.0,7-7.9,adventure,False,False,False,False,False
56717,Xian Wu Chuan 2nd Season,7.42,2288.0,12470,1729,446,currently_airing,2023-09-24,0,156,"action, adventure, fantasy, historical, martial arts",0,airing,2025-04-16,2023.0,7-7.9,fantasy,False,False,False,False,False
56717,Xian Wu Chuan 2nd Season,7.42,2288.0,12470,1729,446,currently_airing,2023-09-24,0,156,"action, adventure, fantasy, historical, martial arts",0,airing,2025-04-16,2023.0,7-7.9,historical,False,False,False,False,False
56717,Xian Wu Chuan 2nd Season,7.42,2288.0,12470,1729,446,currently_airing,2023-09-24,0,156,"action, adventure, fantasy, historical, martial arts",0,airing,2025-04-16,2023.0,7-7.9,martial arts,False,False,False,False,False
52709,"Danjo no Yuujou wa Seiritsu suru? (Iya, Shinai!!)",7.42,2325.0,2761,71892,6854,currently_airing,2025-04-04,0,0,"comedy, romance, school",0,airing,2025-04-16,2025.0,7-7.9,comedy,False,False,False,False,False
52709,"Danjo no Yuujou wa Seiritsu suru? (Iya, Shinai!!)",7.42,2325.0,2761,71892,6854,currently_airing,2025-04-04,0,0,"comedy, romance, school",0,airing,2025-04-16,2025.0,7-7.9,romance,False,False,False,False,False
52709,"Danjo no Yuujou wa Seiritsu suru? (Iya, Shinai!!)",7.42,2325.0,2761,71892,6854,currently_airing,2025-04-04,0,0,"comedy, romance, school",0,airing,2025-04-16,2025.0,7-7.9,school,False,False,False,False,False
53876,Pokemon (2023),7.41,2375.0,3947,36957,8581,currently_airing,2023-04-14,0,0,"action, adventure, comedy, fantasy, kids",0,airing,2025-04-16,2023.0,7-7.9,action,False,False,False,False,False
53876,Pokemon (2023),7.41,2375.0,3947,36957,8581,currently_airing,2023-04-14,0,0,"action, adventure, comedy, fantasy, kids",0,airing,2025-04-16,2023.0,7-7.9,adventure,False,False,False,False,False
53876,Pokemon (2023),7.41,2375.0,3947,36957,8581,currently_airing,2023-04-14,0,0,"action, adventure, comedy, fantasy, kids",0,airing,2025-04-16,2023.0,7-7.9,comedy,False,False,False,False,False
53876,Pokemon (2023),7.41,2375.0,3947,36957,8581,currently_airing,2023-04-14,0,0,"action, adventure, comedy, fantasy, kids",0,airing,2025-04-16,2023.0,7-7.9,fantasy,False,False,False,False,False
53876,Pokemon (2023),7.41,2375.0,3947,36957,8581,currently_airing,2023-04-14,0,0,"action, adventure, comedy, fantasy, kids",0,airing,2025-04-16,2023.0,7-7.9,kids,False,False,False,False,False
56885,Sousou no Frieren: ●● no Mahou,7.4,2410.0,5257,19422,8269,currently_airing,2023-10-11,0,0,"comedy, fantasy",0,airing,2025-04-16,2023.0,7-7.9,comedy,False,False,False,False,False
56885,Sousou no Frieren: ●● no Mahou,7.4,2410.0,5257,19422,8269,currently_airing,2023-10-11,0,0,"comedy, fantasy",0,airing,2025-04-16,2023.0,7-7.9,fantasy,False,False,False,False,False
60658,Hibi wa Sugiredo Meshi Umashi,7.38,2518.0,6294,12114,1054,currently_airing,2025-04-13,0,12,"adult cast, cgdct, gourmet",0,airing,2025-04-16,2025.0,7-7.9,adult cast,False,False,False,False,False
60658,Hibi wa Sugiredo Meshi Umashi,7.38,2518.0,6294,12114,1054,currently_airing,2025-04-13,0,12,"adult cast, cgdct, gourmet",0,airing,2025-04-16,2025.0,7-7.9,cgdct,False,False,False,False,False
60658,Hibi wa Sugiredo Meshi Umashi,7.38,2518.0,6294,12114,1054,currently_airing,2025-04-13,0,12,"adult cast, cgdct, gourmet",0,airing,2025-04-16,2025.0,7-7.9,gourmet,False,False,False,False,False
58725,Ninja to Koroshiya no Futarigurashi,7.36,2568.0,5395,18109,1831,currently_airing,2025-04-10,0,12,"shounen, slice of life",0,airing,2025-04-16,2025.0,7-7.9,shounen,False,False,False,False,False
58725,Ninja to Koroshiya no Futarigurashi,7.36,2568.0,5395,18109,1831,currently_airing,2025-04-10,0,12,"shounen, slice of life",0,airing,2025-04-16,2025.0,7-7.9,slice of life,False,False,False,False,False
36686,Hifuu Katsudou Kiroku: The Sealed Esoteric History,7.35,2605.0,7121,9034,1202,currently_airing,2015-12-29,0,0,fantasy,0,airing,2025-04-16,2015.0,7-7.9,fantasy,False,False,False,False,False
59452,"Katainaka no Ossan, Kensei ni Naru",7.35,2625.0,2816,69279,6400,currently_airing,2025-04-05,0,0,"action, adventure, fantasy",0,airing,2025-04-16,2025.0,7-7.9,action,False,False,False,False,False
59452,"Katainaka no Ossan, Kensei ni Naru",7.35,2625.0,2816,69279,6400,currently_airing,2025-04-05,0,0,"action, adventure, fantasy",0,airing,2025-04-16,2025.0,7-7.9,adventure,False,False,False,False,False
59452,"Katainaka no Ossan, Kensei ni Naru",7.35,2625.0,2816,69279,6400,currently_airing,2025-04-05,0,0,"action, adventure, fantasy",0,airing,2025-04-16,2025.0,7-7.9,fantasy,False,False,False,False,False
